:020000040800F2
:100000000000052029BD00082D8A0008318A00085B
:100010005D8A00085F8A0008618A0008000000000D
:1000200000000000000000000000000081620008E5
:10003000638A00080000000021630008856300084F
:1000400079BD000879BD000879BD000879BD0008B8
:1000500079BD000879BD000879BD000879BD0008A8
:1000600079BD000879BD000879BD000879BD000898
:1000700079BD000879BD000879BD000879BD000888
:10008000658A0008758A000879BD000879BD0008F6
:1000900079BD000879BD000879BD0008858A00088F
:1000A000918A0008A98A0008B98A0008C98A00084C
:1000B00079BD000879BD0008D98A000879BD00081B
:1000C00079BD000879BD000879BD000879BD000838
:1000D00079BD0008E98A0008F98A000879BD00089E
:1000E00079BD000879BD000879BD0008098B0008BA
:1000F000218B0008318B0008498B000879BD00086E
:1001000079BD000879BD0008598B000879BD000849
:1001100079BD000879BD0008698B000879BD000829
:1001200079BD000879BD000879BD000879BD0008D7
:1001300079BD000879BD000879BD000879BD0008C7
:1001400079BD000879BD000879BD000879BD0008B7
:1001500079BD000879BD0008798B000879BD0008D9
:1001600079BD000879BD000879BD000879BD000897
:1001700079BD000879BD000879BD000800000000C5
:1001800079BD000879BD000879BD000879BD000877
:1001900079BD000879BD000879BD000879BD000867
:1001A00079BD000879BD000879BD000879BD000857
:1001B00079BD000879BD000879BD000879BD000847
:0801C00079BD000879BD0008BB
:1001D00010B5054C237833B9044B13B10448AFF381
:1001E00000800123237010BD1804002000000000CF
:1001F0008009010808B5034B1BB103490348AFF35D
:10020000008008BD000000001C04002080090108D7
:1002100081F0004102E000BF83F0004330B54FEAB7
:1002200041044FEA430594EA050F08BF90EA020F24
:100230001FBF54EA000C55EA020C7FEA645C7FEAB7
:10024000655C00F0E2804FEA5454D4EB5555B8BFDA
:100250006D420CDD2C4480EA020281EA030382EA4B
:10026000000083EA010180EA020281EA0303362DDD
:1002700088BF30BD11F0004F4FEA01314FF4801CB0
:100280004CEA113102D0404261EB410113F0004FC2
:100290004FEA03334CEA133302D0524263EB430379
:1002A00094EA050F00F0A780A4F10104D5F1200E17
:1002B0000DDB02FA0EFC22FA05F2801841F1000172
:1002C00003FA0EF2801843FA05F359410EE0A5F146
:1002D00020050EF1200E012A03FA0EFC28BF4CF077
:1002E000020C43FA05F3C01851EBE37101F000452D
:1002F00007D54FF0000EDCF1000C7EEB00006EEB3A
:100300000101B1F5801F1BD3B1F5001F0CD34908C3
:100310005FEA30004FEA3C0C04F101044FEA44521A
:1003200012F5800F80F09A80BCF1004F08BF5FEAA1
:10033000500C50F1000041EB045141EA050130BD81
:100340005FEA4C0C404141EB010111F4801FA4F124
:100350000104E9D191F0000F04BF01460020B1FA79
:1003600081F308BF2033A3F10B03B3F120020CDAB1
:100370000C3208DD02F1140CC2F10C0201FA0CF08F
:1003800021FA02F10CE002F11402D8BFC2F1200CF4
:1003900001FA02F120FA0CFCDCBF41EA0C019040AA
:1003A000E41AA2BF01EB0451294330BD6FEA0404F3
:1003B0001F3C1CDA0C340EDC04F11404C4F12002DE
:1003C00020FA04F001FA02F340EA030021FA04F3F0
:1003D00045EA030130BDC4F10C04C4F1200220FA47
:1003E00002F001FA04F340EA0300294630BD21FA85
:1003F00004F0294630BD94F0000F83F4801306BF4B
:1004000081F480110134013D4EE77FEA645C18BF3E
:100410007FEA655C29D094EA050F08BF90EA020FD5
:1004200005D054EA000C04BF1946104630BD91EACD
:10043000030F1EBF0021002030BD5FEA545C05D1D0
:100440004000494128BF41F0004130BD14F580040F
:100450003CBF01F5801130BD01F0004545F0FE4183
:1004600041F470014FF0000030BD7FEA645C1ABFB8
:10047000194610467FEA655C1CBF0B46024650EAEF
:10048000013406BF52EA033591EA030F41F400211B
:1004900030BD00BF90F0000F04BF0021704730B5A1
:1004A0004FF4806404F132044FF000054FF0000176
:1004B00050E700BF90F0000F04BF0021704730B537
:1004C0004FF4806404F1320410F0004548BF40420C
:1004D0004FF000013EE700BF42004FEAE2014FEA61
:1004E00031014FEA02701FBF12F07F4393F07F4F3C
:1004F00081F06051704732F07F4208BF704793F03F
:100500007F4F04BF41F40021704730B54FF4607451
:1005100001F0004521F000411CE700BF50EA010254
:1005200008BF704730B54FF000050AE050EA0102FD
:1005300008BF704730B511F0004502D5404261EB6D
:1005400041014FF4806404F132045FEA915C3FF4AE
:10055000D8AE4FF003025FEADC0C18BF03325FEA4B
:10056000DC0C18BF033202EBDC02C2F1200300FAFC
:1005700003FC20FA02F001FA03FE40EA0E0021FA21
:1005800002F11444BDE600BF70B54FF0FF0C4CF40F
:10059000E06C1CEA11541DBF1CEA135594EA0C0FC1
:1005A00095EA0C0F00F0DEF82C4481EA030621EAFC
:1005B0004C5123EA4C5350EA013518BF52EA033537
:1005C00041F4801143F4801338D0A0FB02CE4FF0E9
:1005D0000005E1FB02E506F00042E0FB03E54FF019
:1005E0000006E1FB03569CF0000F18BF4EF0010E11
:1005F000A4F1FF04B6F5007F64F5407404D25FEA0D
:100600004E0E6D4146EB060642EAC62141EA5551BF
:100610004FEAC52040EA5E504FEACE2EB4F1FD0C01
:1006200088BFBCF5E06F1ED8BEF1004F08BF5FEA7F
:10063000500E50F1000041EB045170BD06F0004631
:1006400046EA010140EA020081EA0301B4EB5C04DE
:10065000C2BFD4EB0C0541EA045170BD41F48011D6
:100660004FF0000E013C00F3AB8014F1360FDEBFFB
:10067000002001F0004170BDC4F10004203C35DAD7
:100680000C341BDC04F11404C4F1200500FA05F35A
:1006900020FA04F001FA05F240EA020001F00042FB
:1006A00021F0004110EBD37021FA04F642EB060171
:1006B0005EEA430E08BF20EAD37070BDC4F10C049B
:1006C000C4F1200500FA04F320FA05F001FA04F25F
:1006D00040EA020001F0004110EBD37041F100014B
:1006E0005EEA430E08BF20EAD37070BDC4F1200556
:1006F00000FA05F24EEA020E20FA04F301FA05F2BE
:1007000043EA020321FA04F001F0004121FA04F265
:1007100020EA020000EBD3705EEA430E08BF20EA35
:10072000D37070BD94F0000F0FD101F0004640006F
:1007300041EB010111F4801F08BF013CF7D041EAF1
:10074000060195F0000F18BF704703F000465200F5
:1007500043EB030313F4801F08BF013DF7D043EAC6
:100760000603704794EA0C0F0CEA135518BF95EA7C
:100770000C0F0CD050EA410618BF52EA4306D1D103
:1007800081EA030101F000414FF0000070BD50EA22
:10079000410606BF1046194652EA430619D094EAAC
:1007A0000C0F02D150EA013613D195EA0C0F05D196
:1007B00052EA03361CBF104619460AD181EA0301EA
:1007C00001F0004141F0FE4141F470014FF00000A2
:1007D00070BD41F0FE4141F4780170BD70B54FF03D
:1007E000FF0C4CF4E06C1CEA11541DBF1CEA1355BD
:1007F00094EA0C0F95EA0C0F00F0A7F8A4EB05049F
:1008000081EA030E52EA03354FEA013100F0888095
:100810004FEA03334FF0805545EA131343EA12635E
:100820004FEA022245EA111545EA10654FEA002613
:100830000EF000419D4208BF964244F1FD0404F5CC
:10084000407402D25B084FEA3202B61A65EB030528
:100850005B084FEA32024FF480104FF4002CB6EBE5
:10086000020E75EB030E22BFB61A754640EA0C0065
:100870005B084FEA3202B6EB020E75EB030E22BFA5
:10088000B61A754640EA5C005B084FEA3202B6EBE6
:10089000020E75EB030E22BFB61A754640EA9C00A5
:1008A0005B084FEA3202B6EB020E75EB030E22BF75
:1008B000B61A754640EADC0055EA060E18D04FEA33
:1008C000051545EA16754FEA06164FEAC30343EAD3
:1008D00052734FEAC2025FEA1C1CC0D111F4801FA0
:1008E0000BD141EA00014FF000004FF0004CB6E799
:1008F00011F4801F04BF01430020B4F1FD0C88BF38
:10090000BCF5E06F3FF6AFAEB5EB030C04BFB6EB42
:10091000020C5FEA500C50F1000041EB045170BD35
:100920000EF0004E4EEA113114EB5C04C2BFD4EB62
:100930000C0541EA045170BD41F480114FF0000EE6
:10094000013C90E645EA060E8DE60CEA135594EA62
:100950000C0F08BF95EA0C0F3FF43BAF94EA0C0F65
:100960000AD150EA01347FF434AF95EA0C0F7FF4DA
:1009700025AF104619462CE795EA0C0F06D152EA2E
:1009800003353FF4FDAE1046194622E750EA410612
:1009900018BF52EA43067FF4C5AE50EA41047FF423
:1009A0000DAF52EA43057FF4EBAE12E74FF0FF3C88
:1009B00006E000BF4FF0010C02E000BF4FF0010C59
:1009C0004DF804CD4FEA410C7FEA6C5C4FEA430CD2
:1009D00018BF7FEA6C5C1BD001B050EA410C0CBF21
:1009E00052EA430C91EA030F02BF90EA020F002083
:1009F000704710F1000F91EA030F58BF994208BFEA
:100A000090422CBFD8176FEAE37040F001007047A6
:100A10004FEA410C7FEA6C5C02D150EA013C07D1FD
:100A20004FEA430C7FEA6C5CD6D152EA033CD3D048
:100A30005DF8040B704700BF8446104662468C4642
:100A40001946634600E000BF01B5FFF7B7FF002875
:100A500048BF10F1000F01BD4DF808EDFFF7F4FF9E
:100A60000CBF012000205DF808FB00BF4DF808ED29
:100A7000FFF7EAFF34BF012000205DF808FB00BF4C
:100A80004DF808EDFFF7E0FF94BF012000205DF86E
:100A900008FB00BF4DF808EDFFF7CEFF94BF012023
:100AA00000205DF808FB00BF4DF808EDFFF7C4FF1C
:100AB00034BF012000205DF808FB00BF4FEA410C65
:100AC0007FEA6C5C02D150EA013C0AD14FEA430C48
:100AD0007FEA6C5C02D152EA033C02D14FF0000085
:100AE00070474FF0010070474FEA410212F50012C3
:100AF00015D211D56FF47873B3EB625212D94FEA65
:100B0000C12343F0004343EA505311F0004F23FA4E
:100B100002F018BF404270474FF00000704750EAA3
:100B2000013005D111F0004008BF6FF00040704760
:100B30004FF00000704700BF4FEA4102B2F1E043BE
:100B400024BFB3F5001CDCF1FE5C0DD901F0004CB4
:100B50004FEAC0024CEA5070B2F1004F40EB830004
:100B600008BF20F00100704711F0804F21D113F130
:100B70003872BCBF01F00040704741F480114FEA69
:100B80005252C2F11802C2F1200C10FA0CF320FAF2
:100B900002F018BF40F001004FEAC1234FEAD3230F
:100BA00003FA0CFC40EA0C0023FA02F34FEA430379
:100BB000CCE77FEA625307D150EA01331EBF4FF002
:100BC000FE4040F44000704701F0004040F0FE401D
:100BD00040F40000704700BF53B94AB9002908BF6C
:100BE00000281CBF4FF0FF314FF0FF3000F072B90A
:100BF000ADF1080C6DE904CE00F006F8DDF804E074
:100C0000DDE9022304B070472DE9F047089E044651
:100C10008846002B4BD18A42154667D9B2FA82F238
:100C20004AB1C2F1200701FA02F320FA07F7954012
:100C300047EA030894404FEA154E230CB8FBFEF731
:100C40001FFA85FC0EFB178843EA084307FB0CF1EB
:100C5000994209D9EB1807F1FF3080F01B819942C6
:100C600040F21881023F2B445B1AA4B2B3FBFEF0A2
:100C70000EFB103344EA034400FB0CFCA44509D9E5
:100C80002C1900F1FF3380F00781A44540F2048164
:100C900002382C4440EA0740A4EB0C0400271EB1A4
:100CA000D4400023C6E900433946BDE8F0878B42B3
:100CB00009D9002E00F0EB800027C6E90001384674
:100CC0003946BDE8F087B3FA83F7002F47D18B424E
:100CD00002D3824200F2FA80841A61EB03030120FE
:100CE0009846002EE0D0C6E90048DDE702B9FFDEF5
:100CF000B2FA82F2002A40F08F80491B4FEA154E6B
:100D00001FFA85F80127B1FBFEFC230C0EFB1C111A
:100D100043EA014308FB0CF1994207D9EB180CF1A7
:100D2000FF3002D2994200F2CD808446591AA3B214
:100D3000B1FBFEF00EFB101443EA044408FB00F87C
:100D4000A04507D92C1900F1FF3302D2A04500F2CB
:100D5000B6801846A4EB080440EA0C409FE7C7F1B0
:100D6000200CBB4022FA0CFE4EEA030E01FA07F4F7
:100D700020FA0CF521FA0CF34FEA1E482543B3FB89
:100D8000F8F92C0C08FB19331FFA8EFA44EA0343D6
:100D900009FB0AF49C4202FA07F200FA07F10BD9A8
:100DA0001EEB030309F1FF3080F087809C4240F284
:100DB0008480A9F1020973441B1BADB2B3FBF8F0A8
:100DC00008FB103345EA034400FB0AFAA24508D9A0
:100DD0001EEB040400F1FF336BD2A24569D902383F
:100DE000744440EA0940A0FB0289A4EB0A044C4584
:100DF000C2464B4654D351D0002E69D0B1EB0A0500
:100E000064EB030404FA0CFCFD40FC404CEA0505CD
:100E1000C6E90054002747E7C2F1200320FA03F790
:100E2000954001FA02F021FA03F34FEA154E3843D8
:100E3000010CB3FBFEF71FFA85F80EFB173341EAEE
:100E4000034107FB08F38B4204FA02F407D969183F
:100E500007F1FF3C2FD28B422DD9023F2944CB1AF8
:100E600081B2B3FBFEF00EFB103341EA034100FBFD
:100E700008F38B4207D9691800F1FF3C17D28B4267
:100E800015D902382944C91A40EA07473BE73746D3
:100E9000304609E70746E7E61846FBE64145ABD290
:100EA000B8EB020A69EB0E0201381346A4E760466C
:100EB000E9E7184695E76746D1E781467CE70238BF
:100EC0002C4447E7ACF1020C2B442FE7384608E7E7
:100ED0003746E9E6704700BF034613F8012B002AA6
:100EE000FBD1181A01387047000000000000000014
:100EF00001F0FF01102A2BDB10F0070F08D010F8CB
:100F0000013B013A8B422DD010F0070F42B3F6D1CE
:100F1000F0B441EA012141EA014122F007047FF0E7
:100F200000070023F0E80256083C85EA010586EA3E
:100F3000010685FA47F5A3FA87F586FA47F6A5FA7A
:100F400087F68EB9EED1F0BC01F0FF0102F0070286
:100F500032B110F8013B013A83EA010313B1F8D131
:100F60000020704701387047002D06BF3546033812
:100F7000073815F0010F07D1013015F4807F02BF4B
:100F8000013015F4C03F0130F0BC0138704700BF9C
:100F900038B504464A4DB5F90400FFF78BFA3EA375
:100FA000D3E90023FFF7F0FA0022464BFFF736F9AA
:100FB000C4E91201B5F90600FFF77CFA38A3D3E9BA
:100FC0000023FFF7E1FAC4E90001B5F90800FFF7D3
:100FD00071FA33A3D3E90023FFF7D6FAC4E902017B
:100FE000B5F90A00FFF766FA2DA3D3E90023FFF74E
:100FF000CBFAC4E90401B5F90C00FFF75BFA2AA3A8
:10100000D3E90023FFF7C0FAC4E90601B5F90E00E1
:10101000FFF750FA24A3D3E90023FFF7B5FAC4E998
:101020000801B5F91000FFF745FA1FA3D3E9002323
:10103000FFF7AAFAC4E90A01B5F91200FFF73AFA74
:101040001BA3D3E90023FFF79FFAC4E90C01B5F90C
:101050001400FFF72FFA16A3D3E90023FFF794FA41
:10106000C4E90E01B5F91600FFF724FA10A3D3E97D
:101070000023FFF789FAC4E91001B5F91800FFF75A
:1010800019FA0DA3D3E90023FFF77EFAC4E914018E
:1010900038BD00BFAFF300804DF38E537424773F0B
:1010A0007B14AE47E17A943F2D431CEBE2364A3F76
:1010B0002D431CEBE2361A3FF168E388B5F8043F94
:1010C000DC4400200000394070B582B002AC24F846
:1010D000020D0F4D00222021284600F079FC0D4E14
:1010E00040F6FF7301222146304601F0C8FF40F66A
:1010F000FF7301222146304602F0C6F90122202169
:10110000284600F065FCBDF8060002B070BD00BFC7
:10111000000802403855002030B583B001430C4B25
:101120000B4302AC24F8023D0A4D00222021284640
:1011300000F04EFC40F6FF7301222146064801F004
:101140009EFF01222021284600F042FC03B030BD62
:101150000080FFFF000802403855002070B584B0C1
:1011600000F580739BB243EA112343F40043ADF8CA
:101170000E30C9B20843114B034304AC24F80A3DB6
:101180000F4D00222021284600F022FC0D4E40F693
:10119000FF7301222146304601F071FF40F6FF73D4
:1011A00001220DF10E01304601F069FF01222021DC
:1011B000284600F00DFC04B070BD00BF0080FFFFAA
:1011C000000802403855002008B503210020FFF731
:1011D000A3FF80214FF40070FFF7C0FF782000F0DC
:1011E0007BF84FF400410020FFF796FF08BD08B5DB
:1011F000FFF7EAFF4FF4FC40FFF766FF44F2680395
:10120000984201D0002008BD03210020FFF784FF91
:1012100008214FF4C060FFF7A1FF18214FF4406090
:10122000FFF79CFF4FF400410020FFF775FF0120FE
:10123000E9E7000038B5174DE888FFF745FF164C81
:10124000A0802889FFF740FFE0806889FFF73CFF16
:101250002081A889FFF738FF6081E889FFF734FF14
:10126000A081288AFFF730FFE081688AFFF72CFF12
:101270002082A88AFFF728FF6082E88AFFF724FF10
:10128000A082288BFFF720FFE082688BFFF71CFF0E
:10129000208338BD00000020DC44002008B5032076
:1012A00000F02EF8002007F083FB06F0D9FF0020A5
:1012B00008BD0000034A1168034B1B780B44136000
:1012C000704700BF044500202C000020014B186827
:1012D000704700BF0445002038B50446FFF7F6FF0D
:1012E0000546B4F1FF3F02D0044B1B781C44FFF7C6
:1012F000EDFF401BA042FAD338BD00BF2C000020F8
:101300000649CB6823F4E0631B041B0C000200F4C5
:10131000E0600343024A1A43CA60704700ED00E0F0
:101320000000FA0530B4154BDB68C3F30223C3F1A8
:101330000704042C28BF04241D1D062D14D9033BCB
:101340004FF0FF3505FA04F421EA0401994005FA4B
:1013500003F322EA03031943002807DB0901C9B29A
:10136000074B195430BC70470023E9E700F00F0029
:101370000901C9B2034B1954F4E700BF00ED00E0C6
:1013800000E400E014ED00E000F01F02400901233A
:101390009340024A42F82030704700BF00E100E06D
:1013A00000F01F024009012393402030014A42F817
:1013B0002030704700E100E030B405682C6824F468
:1013C00080242C60046863608368402B05D0036828
:1013D00099600368DA6030BC704703689A600368FC
:1013E000D960F8E70268D3B2103B0949A1FB0313A7
:1013F0001B090849C95CC165032B04D8064B13407F
:101400008365806D7047044B134004338365F8E7B0
:10141000ABAAAAAA9809010800FCFFFF836A8269A7
:1014200092B9012B0AD01BB1022B01D000207047CA
:10143000C36A13F0807F2CD100207047C36AB3F1D8
:10144000C07F28D000207047B2F5005F05D0022B86
:1014500029D9032B15D000207047032B03D8DFE8D0
:1014600003F01C041C0A00207047C36A13F0807F3D
:1014700015D100207047C36AB3F1C07F11D000209E
:101480007047C36A13F0807F01D0012070470020AD
:1014900070470120704701207047012070470120EC
:1014A00070470120704701207047000070B5044666
:1014B000FFF70CFF002C5BD00546002384F8343086
:1014C000022384F835302268136823F00103136087
:1014D00023681A6812F0010F0AD0FFF7F7FE401BCD
:1014E0000528F5D920236365032084F8350070BDF5
:1014F0001A68204810406168A2680A43E1680A43FC
:1015000021690A4361690A43A1690A43E1690A43FF
:10151000216A0A430243616A04291ED01A602668C0
:10152000756925F00705636A1D43042B07D1A36A7B
:101530001D43E36A1BB12046FFF770FF90B9756148
:101540002046FFF74FFFE26D3F239340836000206A
:101550006065012384F83530C9E7E16A206B0143F7
:101560000A43DBE740236365012084F83500BEE7CA
:101570000120BCE73F8010F038B5856D90F834400D
:10158000012C31D0012480F8344090F83540E4B289
:10159000012C04D0002380F83430022038BD0446EA
:1015A000022084F83500002060652046FFF704FF24
:1015B000E26D3F239340AB602268136843F016034B
:1015C00013602268536943F080035361236C23B195
:1015D0002268136843F0080313602268136843F01D
:1015E000010313600020D9E70220D7E790F83530D7
:1015F000DBB2022B03D08023436501207047052313
:1016000080F835300268136823F00103136000206E
:1016100070470000F0B583B0044600230193724B7D
:101620001D68724BA3FB0535AD0A876D3E68C26D20
:1016300008239340334210D003681A6812F0040F55
:101640000BD01A6822F004021A60C26D082393407E
:10165000BB60436D43F001034365E26D012393409A
:10166000334209D02268526912F0800F04D0BB6067
:10167000636D43F002036365E26D042393403342DC
:1016800009D02268126812F0020F04D0BB60636DAB
:1016900043F004036365E26D10239340334224D08A
:1016A0002268126812F0080F1FD0BB6023681A6806
:1016B00012F4802F0DD01B6813F4002F04D1236C7B
:1016C0009BB12046984710E0A36C73B12046984721
:1016D0000BE01A6812F4807F03D11A6822F0080226
:1016E0001A60236C0BB120469847E26D202393408B
:1016F000334255D02268126812F0100F50D0BB60F0
:1017000094F83530DBB2052B0ED023681A6812F43A
:10171000802F33D01B6813F4002F2AD1636C002B69
:101720003ED0204698473BE02268136823F016031A
:1017300013602268536923F080035361236CA3B1C3
:101740002268136823F008031360E26D3F2393407F
:10175000BB60002384F83430012384F83530236DD6
:10176000002B3FD0204698473CE0A36C002BE7D1EC
:10177000EBE7E36BA3B12046984711E01A6812F437
:10178000807F09D11A6822F010021A60002384F8C1
:101790003430012384F83530E36B0BB12046984791
:1017A000636DFBB1636D13F0010F17D0052384F84F
:1017B00035302268136823F001031360019B013365
:1017C0000193AB4204D823681B6813F0010FF5D1D5
:1017D000002384F83430012384F83530E36C0BB1F6
:1017E0002046984703B0F0BD40020020B5814E1B53
:1017F00000230F2B00F2E280F0B482B039E009221E
:1018000000E00022B2403A4302346D4E46F82420F4
:101810006C4A1468EA4302EA04064F6817F4803FF2
:1018200001D045EA0406674C2660646802EA0406B3
:101830004F6817F4003F01D045EA0406614C66602A
:10184000A46802EA04064F6817F4801F01D045EA35
:1018500004065C4CA660E46822404E6816F4001F43
:1018600001D045EA0402574CE26001330F2B00F22D
:10187000A28001229A400C6804EA0205AA42F4D12F
:101880004C68122C18BF022C10D1DE08083650F814
:1018900026C003F00704A7000F24BC402CEA040C68
:1018A0000C69BC4044EA0C0440F8264004685F0020
:1018B0000326BE40F64306EA040C4C6804F0030419
:1018C000BC4044EA0C0404604C6804F1FF3C112C59
:1018D00018BFBCF1010F01D9122C11D1846806EA9E
:1018E000040CCC68BC4044EA0C048460446824EADC
:1018F000020C4C68C4F300129A4042EA0C024260A7
:10190000C26816408A68BA403243C2604A6812F020
:10191000805FAAD02C4A546C44F480445464526CC6
:1019200002F480420192019A9C08A61C244A52F8B3
:10193000267003F0030296000F22B24027EA020746
:10194000224A90423FF45DAF02F58062904222D07D
:1019500002F58062904220D002F5806290421ED053
:1019600002F5806290421CD002F5806290421AD04B
:1019700002F58062904218D002F58062904216D043
:1019800002F58062904214D002F5806290423FF4EA
:1019900036AF0A2236E7012234E7022232E7032279
:1019A00030E704222EE705222CE706222AE7072249
:1019B00028E7082226E702B0F0BC7047704700BF56
:1019C00000380140003C0140003802400000024065
:1019D00012B90904816170478161704708B5054BF0
:1019E0005B69034200D108BD024B586106F0EEFB73
:1019F000F9E700BF003C014003689A6912F0020F4A
:101A000001D000229A6203689A6912F0010F03D193
:101A10009A6942F001029A61704770B4039E0568AA
:101A20006868740D04F4806444F07F7444F458349E
:101A300044F47F7444F0030420EA0400C1F3090174
:101A400041EA0241194331430143696070BC704768
:101A500070B504460D46164603689B6913F0100FD7
:101A600017D023689A6912F0200F14D1B5F1FF3F07
:101A7000F7D025B1FFF72AFC801BA842F1D920231B
:101A800084F84130002384F8423084F84030032049
:101A90001EE000201CE01022DA6123682025DD61B1
:101AA0002046FFF7A9FF2268536823F0FF7323F451
:101AB0008B3323F4FF7323F0010353600423636427
:101AC00084F84150002384F8423084F840300120EB
:101AD00070BD70B504460D46164623689B6913F029
:101AE000020F1CD1324629462046FFF7B1FFC0B98C
:101AF000B5F1FF3FF1D025B1FFF7E8FB801BA8420D
:101B0000EBD9636C43F020036364202384F84130F5
:101B1000002384F8423084F84030032000E00020A5
:101B200070BD0120FCE7F8B505460F4616461C4679
:101B30002B689B6937EA03030CBF01230023B342E0
:101B400013D1B4F1FF3FF3D02CB1FFF7BFFB069BDD
:101B5000C01AA042ECD9202385F84130002385F833
:101B6000423085F84030032000E00020F8BD70B519
:101B700005460C4616462B689B6913F0200F19D1B9
:101B8000324621462846FFF763FFA8B924B1FFF784
:101B90009DFB801BA042EED96B6C43F020036B646D
:101BA000202385F84130002385F8423085F8403005
:101BB000032070BD0020FCE70120FAE770B5044661
:101BC0000D46164623689B6913F0040F3DD132463B
:101BD00029462046FFF73CFF0146002837D12368FD
:101BE0009A6912F0200F12D125B1FFF76FFB801B0D
:101BF000A842E7D9636C43F020036364202384F890
:101C00004130002384F840300321084670BD9A69B2
:101C100012F0040F02D0228D002AF6D12022DA61C0
:101C200021684B6823F0FF7323F48B3323F4FF7395
:101C300023F001034B600023636484F8412084F89F
:101C4000423084F840300121DFE70021DDE7012147
:101C5000DBE70000002857D010B5044690F841306B
:101C6000002B41D0242384F841302268136823F0EC
:101C7000010313606368226823F0706313612268B4
:101C8000936823F400439360E368012B31D0A36889
:101C9000226843F404439360E368022B2FD0226848
:101CA00051681A4B0B4353602268D36823F40043F6
:101CB000D360236962691343A169226843EA01235F
:101CC000D360E369216A22680B43136022681368BA
:101CD00043F00103136000206064202384F8413046
:101CE000206384F8420010BD80F8403006F0D8FA36
:101CF000B8E7A368226843F400439360CCE7236805
:101D00004FF400625A60CAE7012070470080000269
:101D10002DE9F04383B090F84150EDB2202D40F012
:101D2000AD8090F84040012C00F0AD8098461746F9
:101D30000E4604464FF0010980F84090FFF7C6FABE
:101D40000546009019234A464FF400412046FFF70C
:101D5000EAFE002840F09980212384F841301023C6
:101D600084F84230002363646762A4F82A806363C6
:101D7000638D9BB2FF2B0AD9FF222285474B00932C
:101D80004FF0807331462046FFF747FE1DE0628D1D
:101D900092B22285414B00934FF00073D2B231468C
:101DA0002046FFF73AFE10E0636C042B6FD101234D
:101DB00065E0628D92B22285002300934FF000739C
:101DC000D2B231462046FFF728FE638D9BB2002B2E
:101DD00032D02A460A992046FFF77BFE0028E3D13D
:101DE000636A5A1C626222681B789362638D013BAE
:101DF0009BB26385238D013B9BB22385002BE4D1ED
:101E0000638D9BB2002BE0D000950A9B00228021BD
:101E10002046FFF788FE00283BD1638D9BB2FF2B45
:101E2000C7D9FF222285002300934FF080733146EB
:101E30002046FFF7F2FDC8E72A460A992046FFF739
:101E400096FE034620B1636C042B24D1012316E0D7
:101E500022682021D1612068426822F0FF7222F4BA
:101E60008B3222F4FF7222F00102426084F84110AA
:101E7000002284F8422084F8402000E00223184623
:101E800003B0BDE8F0830223F9E70323F7E7032358
:101E9000F5E70323F3E70323F1E700BF0020008009
:101EA0002DE9F04383B090F84150EDB2202D40F081
:101EB000AD8090F84040012C00F0AD809846174668
:101EC0000E4604464FF0010980F84090FFF7FEF9F6
:101ED0000546009019234A464FF400412046FFF77B
:101EE00022FE002840F09980222384F841301023FC
:101EF00084F84230002363646762A4F82A80636335
:101F0000638D9BB2FF2B0AD9FF222285474B00939A
:101F10004FF0807331462046FFF77FFD1DE0628D54
:101F200092B22285414B00934FF00073D2B23146FA
:101F30002046FFF772FD10E0636C042B6FD1012384
:101F400065E0628D92B22285002300934FF000730A
:101F5000D2B231462046FFF760FD638D9BB2002B65
:101F600032D02A460A992046FFF728FE0028E3D1FE
:101F700023685A6A636A591C61621A70238D013B97
:101F80009BB22385628D013A92B26285002BE4D127
:101F9000638D9BB2002BE0D000950A9B002280212C
:101FA0002046FFF7C0FD00283BD1638D9BB2FF2B7D
:101FB000C7D9FF222285002300934FF0807331465A
:101FC0002046FFF72AFDC8E72A460A992046FFF770
:101FD000CEFD034620B1636C042B24D1012316E00F
:101FE00022682021D1612068426822F0FF7222F429
:101FF0008B3222F4FF7222F00102426084F8411019
:10200000002284F8422084F8402000E00223184691
:1020100003B0BDE8F0830223F9E70323F7E70323C6
:10202000F5E70323F3E70323F1E700BF0024008073
:1020300090F84130DBB2202B24D190F84030012BB6
:1020400022D0012380F84030242380F841300268F8
:10205000136823F0010313600268136823F48053AC
:10206000136002681368194311600268136843F033
:1020700001031360202380F84130002380F84030B2
:1020800018467047022070470220704790F8413090
:10209000DBB2202B22D190F84030012B20D001233D
:1020A00080F84030242380F841300268136823F020
:1020B000010313600268136823F4706343EA01218B
:1020C00011600268136843F001031360202380F855
:1020D0004130002380F84030184670470220704796
:1020E0000220704710B582B01B4B1A6C42F0805230
:1020F0001A641B6C03F080530193019B174A136809
:1021000043F480331360FFF7E1F80446134B5B6838
:1021100013F4803F08D1FFF7D9F8001BB0F57A7FA0
:10212000F4D9032002B010BD0C4A136843F4003305
:102130001360FFF7CBF80446084B5B6813F4003FCD
:1021400007D1FFF7C3F8001BB0F57A7FF4D903205D
:10215000E8E70020E6E700BF0038024000700040DA
:10216000002800F0DB8170B582B00446036813F0EC
:10217000010F29D0A24B9B6803F00C03042B1AD04B
:102180009F4B9B6803F00C03082B0FD06368B3F5DB
:10219000803F40D0002B54D1994B1A6822F48032F2
:1021A0001A601A6822F480221A6039E0944B5B6846
:1021B00013F4800FEAD0924B1B6813F4003F03D056
:1021C0006368002B00F0AC81236813F0020F75D018
:1021D0008B4B9B6813F00C0F5ED0894B9B6803F010
:1021E0000C03082B53D0E368002B00F08A80844A4C
:1021F000136843F001031360FFF768F80546804B4E
:102200001B6813F0020F73D1FFF760F8401B022820
:10221000F5D9032087E17A4A136843F480331360C9
:1022200063682BB3FFF752F80546754B1B6813F430
:10223000003FC9D1FFF74AF8401B6428F5D90320B5
:1022400071E1B3F5A02F09D06D4B1A6822F48032EA
:102250001A601A6822F480221A60E1E7684B1A6853
:1022600042F480221A601A6842F480321A60D7E77A
:10227000FFF72CF80546624B1B6813F4003FA3D010
:10228000FFF724F8401B6428F5D903204BE15C4B91
:102290005B6813F4800FA6D1594B1B6813F0020F33
:1022A00004D0E368012B01D001203CE1544A1368BB
:1022B00023F0F803216943EAC1031360236813F094
:1022C000080F46D0636983B34D4A536F43F001034F
:1022D0005367FEF7FBFF0546494B5B6F13F0020F98
:1022E00037D1FEF7F3FF401B0228F5D903201AE18E
:1022F000434A136823F0F803216943EAC1031360DA
:10230000DCE73F4A136823F001031360FEF7DEFFAA
:1023100005463B4B1B6813F0020FCFD0FEF7D6FFEC
:10232000401B0228F5D90320FDE0354A536F23F006
:1023300001035367FEF7CAFF0546314B5B6F13F08D
:10234000020F06D0FEF7C2FF401B0228F5D903207A
:10235000E9E0236813F0040F7ED0294B1B6C13F0C7
:10236000805F1ED1264B1A6C42F080521A641B6C9F
:1023700003F080530193019B0125224B1B6813F44A
:10238000807F10D0A368012B21D0002B3CD11C4BA7
:102390001A6F22F001021A671A6F22F004021A67FC
:1023A0001AE00025E9E7174A136843F480731360C5
:1023B000FEF78CFF0646134B1B6813F4807FE1D1B8
:1023C000FEF784FF801B6428F5D90320ABE00C4A9C
:1023D000136F43F001031367A3685BB3FEF776FF47
:1023E0000646074B1B6F13F0020F34D1FEF76EFF4A
:1023F000801B41F288339842F3D9032093E000BF59
:102400000038024000700040052B09D0484B1A6F7D
:1024100022F001021A671A6F22F004021A67DBE742
:10242000434B1A6F42F004021A671A6F42F001021E
:102430001A67D1E7FEF74AFF06463D4B1B6F13F0C4
:10244000020F08D0FEF742FF801B41F2883398420A
:10245000F3D9032067E0F5B9A369002B62D0344AB1
:10246000926802F00C02082A5FD0022B19D0304A81
:10247000136823F080731360FEF728FF04462C4B8B
:102480001B6813F0007F47D0FEF720FF001B0228D7
:10249000F5D9032047E0264A136C23F080531364D8
:1024A000DAE7234A136823F080731360FEF70EFF08
:1024B00005461F4B1B6813F0007F06D0FEF706FF92
:1024C000401B0228F5D903202DE0E369226A13435B
:1024D000626A43EA8213A26A5208013A43EA02435B
:1024E000E26A43EA026343F00053114A53601368FF
:1024F00043F080731360FEF7E9FE04460C4B1B6843
:1025000013F0007F06D1FEF7E1FE001B0228F5D98B
:10251000032008E0002006E0002004E001207047CE
:10252000012000E0002002B070BD0120FBE700BFE9
:1025300000380240324B9B6803F00C03042B5CD044
:10254000082B01D02F4870472DE9F04B2C4B5A68CF
:1025500002F03F025B6813F4800F2BD0284B5B68BE
:10256000C3F388131E4600275C010025E41A65EBBF
:102570000705A90141EA9461A001001B61EB050177
:10258000CB0043EA5073C400A01943EB07014B0290
:1025900043EAD0534402204619460023FEF71CFBB1
:1025A000174B5B68C3F3014301335B00B0FBF3F0EF
:1025B000BDE8F08B124B5B68C3F388131E460027FF
:1025C0005C010025E41A65EB0705A90141EA946165
:1025D000A001001B61EB0501CB0043EA5073C4006E
:1025E000A01943EB07018B0243EA90538402204673
:1025F00019460023FEF7F0FAD2E70348704700BF00
:10260000003802400024F40000127A00002800F094
:10261000A28070B50446524B1B6803F00F038B4237
:102620000CD24F4A136823F00F030B431360136857
:1026300003F00F038B4201D0012070BD236813F01B
:10264000020F17D013F0040F04D0464A936843F4E6
:10265000E0539360236813F0080F04D0414A936855
:1026600043F4604393603F4A936823F0F003A0680B
:10267000034393600D46236813F0010F31D0636864
:10268000012B20D0022B25D0364A126812F0020FFF
:1026900063D034498A6822F0030213438B60FEF74B
:1026A00015FE06462F4B9B6803F00C036268B3EBE4
:1026B000820F16D0FEF70AFE801B41F28833984243
:1026C000F0D90320B9E7274A126812F4003FE0D19D
:1026D0000120B2E7234A126812F0007FD9D101200D
:1026E000ABE71F4B1B6803F00F03AB420CD91C4A2E
:1026F000136823F00F032B431360136803F00F03D9
:10270000AB4201D0012098E7236813F0040F06D0F4
:10271000144A936823F4E053E1680B439360236801
:1027200013F0080F07D00F4A936823F46043216920
:1027300043EAC1039360FFF7FDFE0A4B9B68C3F3B6
:102740000313094AD35CD840084B1860002006F0F8
:102750002FF9002071E70120704701206DE700BFCD
:10276000003C0240003802402C0A010840020020D0
:10277000014B1868704700BF4002002008B5FFF702
:10278000F7FF044B9B68C3F38223034AD35CD84012
:1027900008BD00BF003802403C0A010808B5FFF739
:1027A000E7FF044B9B68C3F34233034AD35CD84032
:1027B00008BD00BF003802403C0A01080F23036037
:1027C0000B4B9A6802F0030242609A6802F0F00232
:1027D00082609A6802F4E052C2609B68DB0803F4EE
:1027E000E0530361034B1B6803F00F030B6070475A
:1027F00000380240003C0240F0B583B00446036854
:1028000013F0010F0CD0AF4B9A6822F400029A60CB
:102810009A68416B0A439A60436BC3B1002600E09B
:102820000026236813F4002F15D0A64AD2F88C3066
:1028300023F44013E16B0B43C2F88C30E36BB3F528
:10284000801F06D0002B00F01B81002504E001262C
:10285000E7E70126F6E70025236813F4801F0FD071
:10286000984AD2F88C3023F44003216C0B43C2F811
:102870008C30236CB3F5800F00F0048103B901257F
:10288000236813F0807F00D0012613F0200F40F062
:10289000FB80236813F0100F0CD08A4BD3F88C20E8
:1028A00022F08072C3F88C20D3F88C20A16B0A43ED
:1028B000C3F88C20236813F4804F08D0814AD2F8E3
:1028C000903023F44033616E0B43C2F8903023689C
:1028D00013F4004F08D07B4AD2F8903023F4402301
:1028E000A16E0B43C2F89030236813F4803F08D0E8
:1028F000744AD2F8903023F44013E16E0B43C2F8CF
:102900009030236813F4003F08D06E4AD2F890301C
:1029100023F44003216F0B43C2F89030236813F077
:10292000400F08D0674AD2F8903023F00303616C5F
:102930000B43C2F89030236813F0800F08D0614A2F
:10294000D2F8903023F00C03A16C0B43C2F8903006
:10295000236813F4807F08D05A4AD2F8903023F0CD
:102960003003E16C0B43C2F89030236813F4007F0E
:1029700008D0544AD2F8903023F0C003216D0B43A5
:10298000C2F89030236813F4806F08D04D4AD2F813
:10299000903023F44073616D0B43C2F8903023688C
:1029A00013F4006F08D0474AD2F8903023F4406304
:1029B000A16D0B43C2F89030236813F4805F08D0F8
:1029C000404AD2F8903023F44053E16D0B43C2F8F3
:1029D0009030236813F4005F08D03A4AD2F8903060
:1029E00023F44043216E0B43C2F89030236813F464
:1029F000800F08D0334AD2F8903023F08063A16F63
:102A00000B43C2F89030236813F4001F0DD02D4AF9
:102A1000D2F8903023F00063E16F0B43C2F890309E
:102A2000E36FB3F1006F00F09980236813F0080F93
:102A300000D0012513F4802F08D0224AD2F890301C
:102A400023F04073616F0B43C2F89030236813F496
:102A5000000F09D01B4AD2F8903023F08053D4F8ED
:102A600080100B43C2F89030002E79D12368B3F167
:102A7000007F75D0002D40F00681002003B0F0BD2E
:102A80000125E9E60126F9E60E4B1A6C42F0805268
:102A90001A641B6C03F080530193019B0A4A13686C
:102AA00043F480731360FEF711FC0746064B1B6866
:102AB00013F4807F0AD1FEF709FCC01B6428F5D906
:102AC0000320DBE70038024000700040B34B1B6F6F
:102AD00013F4407315D0226B02F440729A4210D066
:102AE000AE4B1A6F22F44072196F41F480311967AE
:102AF000196F21F4803119671A671B6F13F0010FEA
:102B000012D1236B03F44072B2F5407F1DD0A34A6B
:102B1000936823F4F8139360A0490B6F226BC2F300
:102B20000B0213430B67B4E6FEF7D0FB07469B4B43
:102B30001B6F13F0020FE4D1FEF7C8FBC01B41F27C
:102B400088339842F3D9032098E79448826822F4A6
:102B5000F812934919400A438260DDE7012564E7D2
:102B60008E4A136823F080631360FEF7AFFB0646BE
:102B70008A4B1B6813F0006F06D0FEF7A7FB801B83
:102B80006428F5D9032079E7236813F0010F13D0E7
:102B9000636B8BB9814AD2F88430D2F884106068B4
:102BA00003F4403343EA801301F070610B43A168E2
:102BB00043EA0173C2F88430236813F4002F03D072
:102BC000E26BB2F5801F06D013F4801F1ED0236C79
:102BD000B3F5800F1AD1714AD2F88430D2F884103C
:102BE000606803F4403343EA8013E06843EA00631B
:102BF00001F0E0410B43C2F88430D2F88C3023F06E
:102C00001F03616A01390B43C2F88C30236813F04B
:102C1000807F11D0614AD2F88400D2F884106668AF
:102C200023691B0443EA861300F07060034301F03C
:102C3000E0410B43C2F88430236813F0007F0DD0CD
:102C4000626823691B0443EA8213E26843EA026371
:102C5000A26843EA0273514AC2F884304F4A1368AB
:102C600043F080631360FEF731FB06464B4B1B6855
:102C700013F0006F7FF4FEAEFEF728FB801B642884
:102C8000F4D90320FAE6454A136823F08053136011
:102C9000FEF71CFB0546414B1B6813F0005F06D096
:102CA000FEF714FB401B6428F5D90320E6E62368F1
:102CB00013F4002F01D0E26B22B113F4801F1DD05A
:102CC000236CDBB9354AD2F88830D2F888106069B5
:102CD00003F4403343EA8013A06943EA006301F040
:102CE000E0410B43C2F88830D2F88C3023F4F8531B
:102CF000A16A013943EA0123C2F88C30236813F436
:102D0000001F03D0E36FB3F1006F31D0236813F0DD
:102D1000080F19D0214AD2F88810D2F8883060699B
:102D200003F4403343EA801301F070610B43E1691F
:102D300043EA0173C2F88830D2F88C3023F4403370
:102D4000E16A0B43C2F88C30144A136843F0805395
:102D50001360FEF7BBFA0446104B1B6813F0005FCC
:102D600019D1FEF7B3FA001B6428F5D9032085E6D4
:102D70000A4AD2F88800D2F888106569236A1B04D1
:102D800043EA851300F07060034301F0E0410B4318
:102D9000C2F88830BAE7002070E600BF0038024071
:102DA000FFFCFF0FF8B505460F4616461C462B687C
:102DB0009B683B40B34238D0B4F1FF3FF7D02CB111
:102DC000FEF784FA069BC01AA042F0D32A68536823
:102DD00023F0E00353606B68B3F5827F0BD0AB6ADE
:102DE000B3F5005F14D0012385F85D30002385F82A
:102DF0005C3003201AE0AB68B3F5806F18BFB3F501
:102E0000004FECD12A68136823F040031360E6E713
:102E10002A68136823F400531B041B0C13602A68F0
:102E2000136843F400531360DDE70020F8BDF0B5EC
:102E300083B007460D4614461E4602E0B6F1FF3F3A
:102E400010D13A6893682B40A34241D0B5F5C06FCA
:102E500008BF002CF2D1137BDBB28DF807309DF850
:102E60000730EBE72EB1FEF731FA089BC01AB042EB
:102E7000E7D33A68536823F0E00353607B68B3F507
:102E8000827F0BD0BB6AB3F5005F14D0012387F8B3
:102E90005D30002387F85C3003201AE0BB68B3F58F
:102EA000806F18BFB3F5004FECD13A68136823F078
:102EB00040031360E6E73A68136823F400531B04E9
:102EC0001B0C13603A68136843F400531360DDE78A
:102ED000002003B0F0BD70B582B004460D46164622
:102EE00000920B4600224FF4C051FFF7A0FFB8B983
:102EF00000962B46002280212046FFF753FFB8B9E9
:102F000000962B4600224FF4C0612046FFF78FFF4A
:102F1000034650B1236E43F020032366032304E0ED
:102F2000236E43F0200323660323184602B070BDCE
:102F3000236E43F0200323660323F6E770B582B0C7
:102F400004460D4616464368B3F5827F0FD00096BF
:102F50002B46002280212046FFF724FF034698B924
:102F60006268B2F5827F15D0184602B070BD8368E2
:102F7000B3F5806F18BFB3F5004FE8D1026813684E
:102F800023F040031360E2E7236E43F0200323663F
:102F90000323E9E7A268B2F5806F18BFB2F5004FCE
:102FA000E2D100962B4600224FF4C0612046FFF785
:102FB0003EFF03460028D7D0236E43F0200323664C
:102FC0000323D1E7002858D010B5044600238362BC
:102FD00090F85D30002B45D0022384F85D302268E4
:102FE000136823F040031360E368B3F5E06F3ED944
:102FF0000022B3F5706F18BFB3F5E06F01D0002168
:10300000A162216B21B9B3F5E06F33D902232363A9
:103010006368A1680B4321690B4361690B43A16994
:1030200001F400710B43E1690B43216A0B43A06A71
:10303000216803430B60638B03F00403616A0B4355
:10304000616B0B43E1680B43216813434B602268BB
:10305000D36923F40063D36100202066012384F840
:103060005D3010BD80F85C3005F052F9B4E74FF4E4
:103070008052BEE701232363CAE7012070472DE990
:10308000F04182B01E4690F85C30012B00F0AC801D
:1030900004460D469046012380F85C30FEF716F991
:1030A000074694F85D30DBB2012B09D002200123E2
:1030B00084F85D30002384F85C3002B0BDE8F08114
:1030C000B8FA88F35B09002D08BF0123002B40F0FC
:1030D0008380032384F85D3000232366A563A4F86E
:1030E0003C80A4F83E802364A4F84430A4F8463021
:1030F0002365E364A368B3F5004F0DD023681A6815
:1031000012F0400F03D11A6842F040021A60E368DF
:10311000B3F5E06F0BD82FE02268136843F48043C7
:103120001360EBE7002E59D0B6F1FF3F10D1E38FCB
:103130009BB2002B3BD023689A6812F0020FF1D0AB
:1031400035F8022BDA60E38F013B9BB2E387EEE7B1
:10315000FEF7BCF8C01BB042E9D30320A7E72A78EA
:103160001A73E38F013B9BB2E387013504E0002E25
:1031700036D0B6F1FF3F13D1E38F9BB2BBB12368CA
:103180009A6812F0020FF2D0E28F92B2012AE6D9C9
:1031900035F8022BDA60E38F023B9BB2E387EBE763
:1031A000FEF794F8C01BB042E6D303207FE73A460F
:1031B00031462046FFF78FFE08B120232366A3681F
:1031C00033B901932368DA6801929B680193019BEC
:1031D000236E3BB900206AE7012068E7032066E719
:1031E000032064E7012062E7022066E72DE9F84347
:1031F0009846089D90F85C30012B00F0438104460E
:103200000F461646012380F85C30FEF75FF88146D2
:1032100094F85D30DBB26268012B13D0B2F5827F87
:1032200008D00220012384F85D30002384F85C304C
:10323000BDE8F883A268002A40F01C81042B01D06D
:103240000220EFE7B6FA86F35B09002F08BF0123DF
:10325000002B40F01181B8F1000F00F00F8194F8BD
:103260005D30DBB2042B02D0052384F85D300023EF
:1032700023662664A4F84680A4F84480A763A4F8D3
:103280003E80A4F83C80E3642365E368B3F5E06F17
:1032900004D8B4F846309BB2012B22D92268536877
:1032A00023F48053536023681A6812F0400F03D14F
:1032B0001A6842F040021A60E368B3F5E06F54D92F
:1032C00063681BB1E38F9BB2012B07D1236837F8EA
:1032D000022BDA60E38F013B9BB2E3874FF00108DA
:1032E0001CE02268536843F480535360DBE7B4F872
:1032F00046309BB27BB123689A6812F0010F0AD066
:10330000DB6826F8023BB4F84630013B9BB2A4F8D8
:1033100046304FF00108B5F1FF3F1ED1E38F9BB25D
:103320002BB9B4F846309BB2002B00F09780B8F16F
:10333000000FDCD0E38F9BB2002BD8D023689A68B3
:1033400012F0020FD3D037F8022BDA60E38F013B83
:103350009BB2E3874FF00008C9E7FDF7B7FFA0EB8A
:103360000900A842DAD303205CE763681BB1E38F4E
:103370009BB2012B07D1236817F8012B1A73E38F37
:10338000013B9BB2E3874FF0010829E03A781A73BA
:10339000E38F013B9BB2E38701374FF00008B4F89D
:1033A00046309BB2CBB123689A6812F0010F14D05B
:1033B000B4F8462092B2012A3CD9DB6826F8023BD9
:1033C000B4F84630023B9BB2A4F84630B4F846301D
:1033D0009BB2012B26D94FF00108B5F1FF3F35D143
:1033E000E38F9BB223B9B4F846309BB2002B35D0A3
:1033F000B8F1000FD3D0E38F9BB2002BCFD023685E
:103400009A6812F0020FCAD0E28F92B2012ABDD997
:1034100037F8022BDA60E38F023B9BB2E3874FF071
:103420000008BCE72268536843F4805353604FF0B0
:103430000108D2E71B7B3370B4F84630013B9BB2E6
:10344000A4F8463001364FF00108C6E7FDF73EFF0D
:10345000A0EB0900A842C3D30320E3E64A4629466D
:103460002046FFF738FD08B120232366236E3BB9C1
:103470000020D7E60220D5E60120D3E60120D1E6E0
:103480000120CFE60220D3E62DE9F04182B00446C8
:103490000D4690461E464368B3F5827F19D094F8D6
:1034A0005C30012B00F0B080012384F85C30FDF724
:1034B0000DFF074694F85D30DBB2012B15D00220DA
:1034C000012384F85D30002384F85C3002B0BDE84D
:1034D000F0818368002BE2D1042380F85D300096F0
:1034E00013460A46FFF782FEF0E7B8FA88F35B0955
:1034F000002D08BF0123002B7ED1042384F85D300A
:10350000002323662564A4F84480A4F84680A363BE
:10351000A387E387E3642365E368B3F5E06F16D917
:103520002268536823F480535360A368B3F5004FB7
:1035300013D023681A6812F0400F03D11A6842F0C2
:1035400040021A60E368B3F5E06F11D92EE02268FB
:10355000536843F480535360E7E72268136823F409
:1035600080431360E5E7002E48D0B6F1FF3F12D14B
:10357000B4F846309BB29BB323689A6812F0010FEF
:10358000F1D01B7B05F8013BB4F84630013B9BB200
:10359000A4F84630ECE7FDF799FEC01BB042E7D334
:1035A00003208DE766B3B6F1FF3F12D1B4F8463081
:1035B0009BB2ABB123689A6812F0010FF2D0DB68BE
:1035C00025F8023BB4F84630013B9BB2A4F84630E4
:1035D000ECE7FDF77BFEC01BB042E7D303206FE7AB
:1035E0003A4631462046FFF7A9FC08B1202323665E
:1035F000236E3BB9002063E7012061E703205FE70A
:1036000003205DE701205BE702205FE710B4036A57
:10361000046A24F001040462846924F0F00444EA9A
:10362000021223F00A030B43826103625DF8044B2C
:10363000704730B4046A24F0100404628469056A97
:1036400024F4407444EA022222F470421B039BB229
:103650001A4325F0A005090101F0A0012943826168
:10366000016230BC704710B4036A23F01003036298
:103670008469036A24F4704444EA023223F0A0030C
:1036800043EA0113826103625DF8044B704730B472
:10369000046A24F480740462C469056A24F0030493
:1036A000224322F0F0021B01DBB21A4325F420650D
:1036B000090201F420612943C261016230BC7047F4
:1036C00030B4046A24F480540462C469056A24F4A2
:1036D000407444EA022222F470421B039BB21A4354
:1036E00025F42045090301F420412943C261016208
:1036F00030BC7047836823F0700341F00701194321
:1037000081607047022380F83D300268136843F0FF
:1037100001031360012380F83D30002070470268E8
:10372000D36843F00103D3600268136843F00103D8
:103730001360002070477047034690F83C20012A30
:103740001ED0012280F83C200C2917D8DFE801F0B8
:10375000071616160D161616101616161300026802
:10376000506B002283F83C2070470268906BF8E7AA
:103770000268D06BF5E70268106CF2E70020F0E712
:103780000220704770477047704710B504460368C1
:103790001A6912F0020F11D0DA6812F0020F0DD080
:1037A0006FF002021A610123037703689B6913F02B
:1037B000030F79D004F092FB0023237723681A6962
:1037C00012F0040F12D0DA6812F0040F0ED06FF06E
:1037D00004021A610223237723689B6913F4407F54
:1037E00068D0204604F07AFB0023237723681A6907
:1037F00012F0080F12D0DA6812F0080F0ED06FF036
:1038000008021A61042323772368DB6913F0030F8E
:1038100057D0204604F062FB0023237723681A69FF
:1038200012F0100F12D0DA6812F0100F0ED06FF0F5
:1038300010021A61082323772368DB6913F4407FA1
:1038400046D0204604F04AFB0023237723681A69F8
:1038500012F0010F03D0DA6812F0010F3FD1236894
:103860001A6912F0800F03D0DA6812F0800F3DD190
:1038700023681A6912F4807F03D0DA6812F0800F8F
:103880003BD123681A6912F0400F03D0DA6812F0B6
:10389000400F39D123681A6912F0200F03D0DA687B
:1038A00012F0200F37D110BDFFF76CFF2046FFF755
:1038B0006AFF81E72046FFF765FF2046FFF763FFB9
:1038C00092E72046FFF75EFF2046FFF75CFFA3E785
:1038D0002046FFF757FF2046FFF755FFB4E76FF08C
:1038E00001021A61204604F0ADFCB8E76FF08002D7
:1038F0001A61204600F015FCBAE76FF080021A61E9
:10390000204600F00EFCBCE76FF040021A61204632
:10391000FFF73AFFBEE76FF020021A61204600F081
:10392000FFFBC0E770B403683A4CA04214BF002408
:103930000124B0F1804F14BF224644F00102AAB91D
:10394000354DA84214BF00250125344EB0420DD09C
:1039500065B905F1804505F58235A84214BF0025FB
:10396000012506F50066B04200D01DB123F07003BA
:103970004D682B43002A33D1274A904214BF0022BE
:103980000122264DA8422BD052BB02F1804202F503
:103990008232904214BF0022012205F50065A84240
:1039A0001ED0EAB91E4A904214BF0022012205F53A
:1039B0009A35A84214D09AB91A4A904214BF0022EC
:1039C000012205F50065A8420AD04AB9164A90427C
:1039D00014BF00220122A5F59635A84200D01AB1E5
:1039E00023F44073CA68134323F080034A691343E6
:1039F00003608A68C2620A6882620C4B984214BFF4
:103A0000234644F001030BB10B69036301234361B7
:103A100070BC7047000001400008004000040040F6
:103A20000044014000180040002000400004014014
:103A3000A8B110B5044690F83D305BB1022384F87C
:103A40003D30211D2068FFF76DFF012384F83D30D4
:103A5000002010BD80F83C3004F0CCFCEEE70120E3
:103A60007047A8B110B5044690F83D305BB1022311
:103A700084F83D30211D2068FFF754FF012384F8AE
:103A80003D30002010BD80F83C30FFF754FEEEE7DB
:103A900001207047A8B110B5044690F83D305BB1E5
:103AA000022384F83D30211D2068FFF73BFF0123EE
:103AB00084F83D30002010BD80F83C3004F0D8FD83
:103AC000EEE701207047000070B4036A23F00103A1
:103AD0000362036A42688569104C2C400D682C43D0
:103AE00023F002058B682B430D4E0E4DA84218BFE4
:103AF000B0420BD123F00803CD682B4323F004031D
:103B000022F440724D6915438A692A4342608461F8
:103B10004A684263036270BC704700BF8CFFFEFFBF
:103B2000000001400004014070B4036A23F0100358
:103B30000362036A44688569124A2A400D6842EAB2
:103B4000052223F020038D6843EA05130E4E0F4D26
:103B5000A84218BFB0420ED123F08003CD6843EADB
:103B6000051323F0400324F440644D6944EA8504BE
:103B70008D6944EA8504446082614A688263036215
:103B800070BC7047FF8CFFFE000001400004014044
:103B900070B4036A23F480730362036A4268C569E0
:103BA000124C2C400D682C4323F400738D6843EABB
:103BB00005230F4E0F4DA84218BFB0420ED123F47B
:103BC0000063CD6843EA052323F4806322F4405266
:103BD0004D6942EA05128D6942EA05124260C461EC
:103BE0004A68C263036270BC704700BF8CFFFEFF6F
:103BF000000001400004014070B4036A23F48053C4
:103C00000362036A4468C5690D4A2A400D6842EAA6
:103C1000052223F400538D6843EA0533094E0A4D0B
:103C2000A84218BFB04204D124F480444D6944EA4C
:103C300085144460C2614A680264036270BC7047C4
:103C4000FF8CFFFE0000014000040140F0B4046A54
:103C500024F0010404628469056A1D4EB0F1804FAE
:103C600018BFB04223D0A6F57846B04214BF002654
:103C70000126184FB8421AD0CEB906F1804606F593
:103C80008236B04214BF0026012607F50067B8420D
:103C90000DD066B9104EB04214BF0026012607F5BC
:103CA0009A37B84203D016B944F0010202E024F07A
:103CB0000304224322F0F0021B01DBB2134325F080
:103CC0000A0201F00A01114383610162F0BC7047EE
:103CD00000000140000400400018004038B590F892
:103CE0003C30012B58D00D460446012380F83C306F
:103CF000022380F83D30DAB1042A2AD0082A3AD0CB
:103D0000CB684A6809680068FFF7DAFC2268D36963
:103D100023F44063D3612268D369A96843EA01238D
:103D2000D361012384F83D30002084F83C0038BD85
:103D3000CB684A6809680068FFF788FF22689369C2
:103D400023F00C03936122689369A9680B43936184
:103D5000E7E7CB684A6809680068FFF76AFC2268F1
:103D6000936923F44063936122689369A96843EAE5
:103D700001239361D5E7CB684A6809680068FFF7BB
:103D800086FC2268D36923F00C03D3612268D369CF
:103D9000A9680B43D361C4E70220C8E710B4846864
:103DA00024F47F4442EA03230B43234383605DF8FA
:103DB000044B704790F83C30012B7DD010B5044681
:103DC000012380F83C30022380F83D30026890687F
:103DD0003A4B034093600B68402B59D010D9702B9D
:103DE0003ED01FD8502B49D0602B32D1CA684968C9
:103DF0002068FFF738FC60212068FFF77BFC28E093
:103E0000102B4FD008D9202B51D0302B21D130216D
:103E10002068FFF76FFC1CE0DBB900212068FFF78A
:103E200069FC16E0B3F5805F0ED0B3F5005F10D1EA
:103E3000CB684A6889682068FFF7B0FF22689368FA
:103E400043F48043936004E0226891681C4B0B406C
:103E50009360012384F83D30002084F83C0010BDBD
:103E6000CB684A6889682068FFF798FF22689168E4
:103E7000144B0B4043F077039360EAE7CA68496844
:103E80002068FFF7C3FB50212068FFF733FCE0E711
:103E9000CA6849682068FFF7B9FB40212068FFF72E
:103EA00029FCD6E710212068FFF724FCD1E7202168
:103EB0002068FFF71FFCCCE7022070478800FEFF58
:103EC000F8FFFEFF88FFFEFF90F83C30012B46D044
:103ED00010B50446012380F83C30022380F83D30C1
:103EE0000068826822F070024B6813431D4A1A4032
:103EF0000B68134383604B68502B24D010D9602B80
:103F000027D0702B05D10B698A68C9682068FFF734
:103F100045FF012384F83D30002084F83C0010BDAB
:103F2000402BF6D12368186A1A6A22F001021A623D
:103F30002268936923F0F003096943EA011393614E
:103F400023681862E5E70A6989682068FFF75EFB65
:103F5000DFE70A6989682068FFF785FBD9E7022057
:103F6000704700BFF8FFFEFF10B4012303FA01F40D
:103F7000036A23EA04030362036A8A401343036269
:103F80005DF8044B7047000010B50446012200683C
:103F9000FFF7EAFF23680849084A934218BF8B429B
:103FA00003D15A6C42F400425A642268136843F009
:103FB00001031360002010BD000001400004014017
:103FC00010B504460C290DD8DFE801F0070C0C0CE5
:103FD000170C0C0C1D0C0C0C23000268D36843F06A
:103FE0000203D36001222068FFF7BEFF2268136836
:103FF00043F001031360002010BD0268D36843F052
:104000000403D360EEE70268D36843F00803D3608B
:10401000E8E70268D36843F01003D360E2E70000EA
:1040200070B4036A23F480330362036A4268446D08
:104030000D4D25400C682C4323F400338D6843EA72
:1040400005430A4E0A4DA84218BFB04204D122F4DB
:1040500080324D6942EA0522426044654A688265C1
:10406000036270BC704700BF8FFFFEFF000001407D
:104070000004014070B4036A23F480130362036AEE
:104080004468456D0D4A2A400D6842EA052223F432
:1040900000138D6843EA0553094E0A4DA84218BF24
:1040A000B04204D124F480244D6944EA852444605C
:1040B00042654A68C265036270BC7047FF8FFFFEAD
:1040C000000001400004014090F83C30012B21D059
:1040D00070B4012380F83C3003685A689D680E4E26
:1040E0000E4CA34218BFB34203D122F470024C68B5
:1040F000224322F070020C68224325F08004896874
:1041000021435A6003689960002380F83C301846C8
:1041100070BC70470220704700000140000401405D
:104120007047704738B590F83C30012B00F0928012
:104130000D460446012380F83C30022380F83D30D0
:10414000142A1ED8DFE802F00B1D1D1D241D1D1DA5
:10415000381D1D1D4B1D1D1D5F1D1D1D720000689E
:10416000FFF7B2FC2268936943F008039361226869
:10417000936923F0040393612268936929690B43CF
:104180009361012384F83D30002084F83C0038BD61
:104190000068FFF7C9FC2268936943F400639361E8
:1041A0002268936923F48063936122689369296983
:1041B00043EA01239361E4E70068FFF7E9FC226822
:1041C000D36943F00803D3612268D36923F0040361
:1041D000D3612268D36929690B43D361D1E70068B1
:1041E000FFF70AFD2268D36943F40063D3612268B4
:1041F000D36923F48063D3612268D369296943EAD0
:104200000123D361BDE70068FFF70AFF2268536D01
:1042100043F0080353652268536D23F0040353658C
:104220002268536D29690B435365AAE70068FFF7BD
:1042300021FF2268536D43F4006353652268536D78
:1042400023F4806353652268536D296943EA01238F
:10425000536596E702209AE790F86930DBB2212B8C
:104260002ED1B0F852309BB28BB18368B3F5805F2A
:1042700019D0C36C5A1CC2641A7803689A62B0F8E9
:104280005230013B9BB2A0F85230002070470268C8
:10429000136823F0800313600268136843F040033F
:1042A0001360002070470369002BE2D1C36C1B88A8
:1042B0000268C3F308039362C36C0233C364DEE78E
:1042C000022070470268136823F0C00313602023A4
:1042D00080F8693070470268136823F490731360A4
:1042E0000268936823F001039360202380F86A300A
:1042F000704790F86A30DBB2202B4DD1B2FA82F3CE
:104300005B09002908BF0123002B47D190F86830D2
:10431000012B45D0012380F868304165A0F8582072
:10432000A0F85A208368B3F5805F06D0A3B903696B
:1043300073B9FF23A0F85C3011E0036923B940F2A0
:10434000FF13A0F85C300AE0FF23A0F85C3006E021
:104350007F23A0F85C3002E0B3F1805F12D000232D
:10436000C366222280F86A2080F8683001688A6873
:1043700042F001028A6001680A6842F490720A60A1
:104380001846704703691BB97F23A0F85C30E6E745
:104390003F23A0F85C30E2E702207047012070471D
:1043A0000220704738B590F86950EDB2202D35D114
:1043B000B2FA82F56D09002908BF0125002D2FD121
:1043C00090F86830012B2DD013460446012280F866
:1043D0006820C164A0F85030A0F85230C566212290
:1043E00080F86920026E1048D063226E0F48106476
:1043F000226E0F48D064226E156522682832206E26
:10440000FDF7BAF8236840221A6284F868502268DF
:10441000936843F080039360284600E0022038BD93
:104420000120FCE70220FAE76B450008B9450008C7
:10443000454600082DE9F04105460F4616469846C8
:10444000069C2B68DB6937EA03030CBF01230023BA
:10445000B3421DD1B4F1FF3FF3D02CB1FCF736FFCE
:10446000A0EB0800A042ECD32A68136823F4D073B1
:1044700013602A68936823F001039360202385F872
:10448000693085F86A30002385F86830032000E041
:104490000020BDE8F0812DE9F04182B01E4690F881
:1044A0006930DBB2202B52D104460D469046B2FA59
:1044B00082F35B09002908BF0123002B4CD190F83F
:1044C0006830012B4AD0012380F868300023C3668E
:1044D000212380F86930FCF7F9FE0746A4F85080E4
:1044E000A4F8528003E02A7823689A620135B4F870
:1044F00052309BB2DBB1B4F85230013B9BB2A4F80E
:10450000523000963B46002280212046FFF792FF62
:1045100030BBA368B3F5805FE5D12369002BE2D1FE
:1045200035F8023B2268C3F308039362DFE7009685
:104530003B46002240212046FFF77CFF034688B916
:10454000202284F86920002284F8682000E00223F9
:10455000184602B0BDE8F0810123F9E70223F7E72E
:104560000323F5E70323F3E7704708B5836B02687D
:10457000126812F4807F0DD10022A3F8522019682E
:104580008A6822F080028A601A68136843F0400348
:10459000136008BD1846FFF7E7FFFAE708B50168A2
:1045A0000B6823F040030B60202380F86930FFF78D
:1045B000DBFF002008BD704708B5806BFFF7FBFFED
:1045C00008BDB0F85C2090F86A30DBB2222B32D103
:1045D00010B58368B3F5805F10D00368596AD2B212
:1045E000436D5C1C44650A401A70B0F85A30013BB8
:1045F0009BB2A0F85A306BB1002010BD0369002BAC
:10460000EBD1436D0168496A0A401A80436D023359
:104610004365EAE70268136823F490731360026845
:10462000936823F001039360202380F86A3003F03D
:1046300031FD0020E1E70268936943F008039361CC
:104640000220704710B5846B0023A4F85A30A4F8F8
:10465000523094F86930DBB2212B0CD094F86A30D8
:10466000DBB2222B10D0E36E43F01003E36620464A
:1046700003F0E8FC10BD23689B6813F0800FEDD0B9
:104680002046FFF71FFEE9E723689B6813F0400F01
:10469000E9D02046FFF71FFEE5E7000038B50446E5
:1046A0000268D3691068916813F00F0505D113F003
:1046B000200F02D010F0200F5FD1002D73D011F029
:1046C000010102D110F4907F6DD013F0010F07D0DB
:1046D00010F4807F04D001251562E26E2A43E26661
:1046E00013F0020F07D031B1226802251562E26E85
:1046F00042F00402E26613F0040F07D031B12268E1
:1047000004251562E26E42F00202E26613F0080F21
:1047100009D010F0200F00D129B1226808211162C0
:10472000E26E0A43E266E26E002A48D013F0200FE0
:1047300002D010F0200F24D1E36E13F0080F04D143
:1047400023689B6813F0400F27D02046FFF7C3FD76
:1047500023689A6812F0400F1BD09A6822F040023A
:104760009A60636E8BB11A4A1A65606EFCF73EFF61
:1047700028B3606E036D984721E02046FFF721FFC4
:104780001DE02046FFF71DFFD6E7204603F05AFC48
:1047900015E0204603F056FC11E0204603F052FCE1
:1047A0000023E3660BE013F0800F02D010F0800FBF
:1047B00006D113F0400F02D010F0400F04D138BDE5
:1047C0002046FFF749FDFAE72046FFF7E7FEF6E748
:1047D000D547000808B5806B0023A0F85A30A0F830
:1047E000523003F02FFC08BD10B5044683680269FF
:1047F000134342691343C2691343016808689D4A21
:10480000024013430B602268536823F44053E1686D
:104810000B435360A369226A1A4321688B6823F40F
:10482000306313438B602368934A934219D0934AB1
:1048300093422AD0924A934240D0924A934255D012
:10484000914A93426AD0914A934200F08280904A02
:10485000934200F099808F4A934200F0B08010227A
:10486000C9E002F59432D2F8902002F00302032A44
:1048700003D8DFE802F0BF0604081022BBE00222E2
:10488000B9E00422B7E00822B5E002F5FA32D2F826
:10489000902002F00C020C2A08D8DFE802F0BA07D8
:1048A00007070B070707090707070D001022A2E0FB
:1048B0000222A0E004229EE008229CE002F5F832E9
:1048C000D2F8902002F03002102A0DD005D9202A0B
:1048D00008D0302A04D108228DE00AB900228AE0EB
:1048E000102288E0022286E0042284E002F5F632FB
:1048F000D2F8902002F0C002402A0DD005D9802ABB
:1049000008D0C02A04D1082275E00AB9002272E05A
:10491000102270E002226EE004226CE002F5F43214
:10492000D2F8902002F44072B2F5807F0FD007D900
:10493000B2F5007F09D0B2F5407F04D108225AE0D9
:104940000AB9002257E0102255E0022253E0042267
:1049500051E002F59232D2F8902002F44062B2F5B2
:10496000806F0FD007D9B2F5006F09D0B2F5406F54
:1049700004D108223FE00AB901223CE010223AE0CB
:10498000022238E0042236E002F5E032D2F890202C
:1049900002F44052B2F5805F0FD007D9B2F5005F44
:1049A00009D0B2F5405F04D1082224E00AB9002200
:1049B00021E010221FE002221DE004221BE002F58C
:1049C000DE32D2F8902002F44042B2F5804F0FD090
:1049D00007D9B2F5004F09D0B2F5404F04D10822F3
:1049E00009E00AB9002206E0102204E0022202E0F7
:1049F000042200E00122E169B1F5004F0BD0082A42
:104A000000F29B80DFE802F0616D799983999999B2
:104A10008F000022EFE7082A54D8DFE802F00517DC
:104A200022533F5353534A00FDF7A8FE62685308D0
:104A300003EB4003B3FBF2F39BB2002023F00F0221
:104A4000C3F3420313432268D36010BDFDF7A6FEF3
:104A50006268530803EB4003B3FBF2F39BB2002000
:104A6000ECE762680C4B03EB5203B3FBF2F39BB22F
:104A70000020E3E7F369FFEF00100140004400402D
:104A800000480040004C004000500040001401402D
:104A900000780040007C00400048E801FDF74AFD36
:104AA0006268530803EB4003B3FBF2F39BB20020B0
:104AB000C4E76268530803F58033B3FBF2F39BB29B
:104AC0000020BBE701200023B8E7FDF757FE63682D
:104AD00000EB5300B0FBF3F0236880B2D8600020F5
:104AE000B3E7FDF75BFE636800EB5300B0FBF3F048
:104AF000236880B2D8600020A7E76168104A02EB03
:104B00005102B2FBF1F292B2DA6000209DE7FDF7AC
:104B100011FD636800EB5300B0FBF3F0236880B233
:104B2000D860002091E761684A0802F50042B2FBB4
:104B3000F1F292B2DA60002087E7012085E700BF3A
:104B40000024F400436A13F0010F06D00268536892
:104B500023F40033816A0B435360436A13F0020F5E
:104B600006D00268536823F48033C16A0B43536054
:104B7000436A13F0040F06D00268536823F48023BD
:104B8000016B0B435360436A13F0080F06D00268B1
:104B9000536823F40043416B0B435360436A13F0A3
:104BA000100F06D00268936823F48053816B0B4387
:104BB0009360436A13F0200F06D00268936823F4D1
:104BC0000053C16B0B439360436A13F0400F0AD04C
:104BD0000268536823F48013016C0B435360036C29
:104BE000B3F5801F0BD0436A13F0800F06D0026824
:104BF000536823F40023816C0B43536070470268B1
:104C0000536823F4C003416C0B435360EBE710B5CA
:104C100082B004460023C366FCF758FB2268126882
:104C200012F0080F09D1202384F8693084F86A3023
:104C3000002084F8680002B010BD6FF07E4300933E
:104C4000034600224FF400112046FFF7F3FB002833
:104C5000E9D00320EFE778B310B5044690F8693047
:104C60000BB3242384F869302268136823F001030E
:104C700013602046FFF7B8FD012813D0636ABBB963
:104C80002268536823F4904353602268936823F0AA
:104C90002A0393602268136843F0010313602046DF
:104CA000FFF7B5FF10BD80F8683003F091FDD8E73D
:104CB0002046FFF747FFE3E701207047028881EABB
:104CC0001221034B33F9113083EA0223038070472A
:104CD000340000202DE9F043B3B005460E461746D8
:104CE000002460E05A4B1B78002B63D1584B5B7853
:104CF000002B5FD1564B01221A7052E0544A527871
:104D0000002A5BD110290ED007D988290FD0FF299E
:104D100013D14F4B00221A7043E003290DD14C4BA5
:104D200000221A703DE04A4B00221A7039E0484BCD
:104D300001225A7000221A7033E0454B00225A704B
:104D40001A702EE0002B3FD1DFF804914846012372
:104D500000F8023BFFF7B2FFB9F8043098F80010F2
:104D600032AA1A4402F8C81C0133A9F8043018E02A
:104D70003748002300F8023BFFF7A0FF11E0344B57
:104D800000221A700DE0DFF8C89009F10200FFF769
:104D900095FFB9F8043098F8002032A90B4403F8C5
:104DA000C82C0134A4B2B4424CD205EB0408295DEE
:104DB000102997D0264B1B78012B9FD0244A52787C
:104DC000012AEED11029BDD0012BDCD11029CFD082
:104DD000FF29D4D00329D6D11D4C00232370637042
:104DE000DDE90023C7E90023DDE90223C7E9022347
:104DF000DDE90423C7E90423DDE90601FBF79CFE96
:104E0000B861DDE90A23C7E90C23DDE90C23C7E912
:104E10000E23DDE90E23C7E910239DF8443087F8FF
:104E20004830C3F3400287F8492003F00103D2431E
:104E3000134087F84A300120A7F84C00A3680344C8
:104E4000A36001E0B7F84C0033B0BDE8F08300BFC9
:104E500034040020842801D00330704700207047BC
:104E600008B500F0EFFC002008BDF0B585B00F4696
:104E7000446805680669B0F90800FFF7EBFF03AB6B
:104E8000019300903B46B2B22946204600F038FC20
:104E9000012802D1039805B0F0BD0020FBE708B55A
:104EA00000F060FC002008BD08B5034600B90123EE
:104EB000184600F06FFE002008BD00F108034360B3
:104EC0004FF0FF328260C3600361002303607047CC
:104ED00000230361704743684B609A688A609A6850
:104EE000516099600861036801330360704730B412
:104EF0000D68B5F1FF3F02D000F1080202E002693F
:104F000004E01A4653681C68AC42FAD953684B60F7
:104F100099608A605160086103680133036030BCA6
:104F20007047036942688168916082684168516096
:104F30005A68824205D00022026118680138186060
:104F4000704782685A60F6E710B5044601F0AAF986
:104F5000A26BE36B9A4204D0002401F0C9F9204609
:104F600010BD0124F9E710B5044601F09BF9A36BCD
:104F700023B1002401F0BCF9204610BD0124F9E75B
:104F800070B504461646856B026C5AB903681BB1AE
:104F900000200135A56370BD406800F0D3FF0023F9
:104FA0006360F6E76EB9806809F094FC226CA36830
:104FB0001344A3606268934219D32368A36000205E
:104FC000E7E7C06809F086FC226C5242E3681344AC
:104FD000E36021688B4202D263681A44E260022EC9
:104FE00001D00020D5E725B1013D0020D1E7002008
:104FF000CFE70020CDE7026C72B110B5C36813444F
:10500000C3604468A34201D30368C3600C46C1680F
:10501000204609F05FFC10BD704738B5054601F029
:1050200041F995F8454064B203E000F01DFF013CF2
:1050300064B2002C08DD6B6A33B105F1240000F086
:1050400075FE0028F3D0F0E7FF2385F8453001F026
:105050004FF901F027F995F8444064B203E000F0FD
:1050600003FF013C64B2002C08DD2B6933B105F16C
:10507000100000F05BFE0028F3D0F0E7FF2385F876
:10508000443001F035F938BD38B550B94FF0500310
:1050900072B683F31188BFF36F8FBFF34F8F62B681
:1050A000FEE704460D4601F0FDF82168E26B236C33
:1050B00003FB021060600020A063A160013A02FBC4
:1050C0000313E360FF2384F8443084F84530A5B926
:1050D00023691BB901F00CF9012038BD04F110005F
:1050E00000F024FE0028F5D0084B4FF080521A60E3
:1050F000BFF34F8FBFF36F8FECE704F11000FFF7A2
:10510000DCFE04F12400FFF7D8FEE3E704ED00E045
:1051100010B5029B0C4639B11A60D8631C6401219A
:105120001846FFF7B1FF10BD1B60F6E750B94FF00E
:10513000500372B683F31188BFF36F8FBFF34F8FA5
:1051400062B6FEE7F0B583B0054611B101FB00F091
:1051500000E0002017460C46483001F013FA0646DE
:1051600038B100903B4600F1480221462846FFF73F
:10517000CFFF304603B0F0BDF0B585B0019270B1FD
:105180000446B9B9026CAAB14FF0500372B683F36A
:105190001188BFF36F8FBFF34F8F62B6FEE74FF0FA
:1051A000500372B683F31188BFF36F8FBFF34F8F35
:1051B00062B6FEE7022B0DD1E26B012A0AD04FF056
:1051C000500372B683F31188BFF36F8FBFF34F8F15
:1051D00062B6FEE71E460F4600F04EFE60B9019B28
:1051E00063B14FF0500372B683F31188BFF36F8F32
:1051F000BFF34F8F62B6FEE700253AE0002538E0A6
:10520000324639462046FFF7BBFE636A4BB9A8B168
:105210003B4B4FF080521A60BFF34F8FBFF36F8F3D
:105220000CE004F1240000F081FD38B1344B4FF064
:1052300080521A60BFF34F8FBFF36F8F01F058F8A1
:10524000012005B0F0BD01F053F80020F9E702A8F5
:1052500000F0B0FD012519E0002384F8443021E07E
:10526000002384F8453023E02046FFF7D6FE00F007
:10527000BFFB01F017F8A26BE36B9A42C0D3022E7A
:10528000BED0019B002BDED0002DE0D001F030F825
:1052900000F016FB01F006F894F844305BB2B3F16D
:1052A000FF3FD9D094F845305BB2B3F1FF3FD7D080
:1052B00001F01EF801A902A800F092FDC8B920462D
:1052C000FFF742FE0028CFD0019904F1100000F052
:1052D00011FD2046FFF7A1FE00F08AFB0028C8D18F
:1052E000074B4FF080521A60BFF34F8FBFF36F8FA1
:1052F000BFE72046FFF791FE00F07AFB0020A0E711
:1053000004ED00E02DE9F04184B0019270B1044653
:10531000B9B9026CAAB14FF0500372B683F3118889
:10532000BFF36F8FBFF34F8F62B6FEE74FF05003AE
:1053300072B683F31188BFF36F8FBFF34F8F62B6DE
:10534000FEE71F46884600F097FD60B9019B63B1F8
:105350004FF0500372B683F31188BFF36F8FBFF322
:105360004F8F62B6FEE700265FE000265DE0E6684C
:1053700041462046FFF73FFEDFB9013DA5632368A4
:1053800013B900F03BFE6060236963B104F11000C3
:1053900000F0CCFC38B1464B4FF080521A60BFF39E
:1053A0004F8FBFF36F8F00F0A3FF012004B0BDE863
:1053B000F081E660636A002BF5D004F1240000F070
:1053C000B5FC0028EFD03A4B4FF080521A60BFF383
:1053D0004F8FBFF36F8FE6E700F08AFF0020E5E70D
:1053E00002A800F0E7FC012629E0002384F84430FD
:1053F00031E0002384F8453033E000F053FF60686B
:1054000000F04AFD00F074FF3BE02046FFF705FE88
:1054100000F0EEFA09E02046FFF7FFFD00F0E8FAA1
:105420002046FFF7A0FD002840D100F03BFFA56B10
:10543000002D9CD1019B002BCED0002ED0D000F0AF
:1054400057FF00F03DFA00F02DFF94F844305BB2B6
:10545000B3F1FF3FC9D094F845305BB2B3F1FF3FE1
:10546000C7D000F045FF01A902A800F0B9FC002850
:10547000D1D12046FFF777FD0028C6D02368002B46
:10548000BBD0019904F1240000F034FC2046FFF762
:10549000C4FD00F0ADFA0028C7D1054B4FF0805293
:1054A0001A60BFF34F8FBFF36F8FBEE700207DE719
:1054B00004ED00E0074B9B6A1B6833B1054B9A6A09
:1054C000D268D2685268DA627047024B4FF0FF32FE
:1054D000DA6270474404002010B50446006B01F006
:1054E000D1F8204601F0CEF810BD2DE9F0478046F6
:1054F0009946089D099F0A9C266B6FF04043134410
:1055000006EB830626F0070600230F2B07D8C85C9E
:10551000E21882F83400CA5C0AB10133F5E70023CF
:1055200084F84330062D00D90625E56265644FF006
:10553000000AC4F848A0201DFFF7CAFC04F11800B7
:10554000FFF7C6FC2461C5F10705A5616462C4F8D4
:105550004CA084F850A04A464146304600F07AFEFE
:10556000206007B13C60BDE8F087000070B5002402
:1055700007E004EB8402930010481844FFF79DFCF9
:105580000134062CF5D90E4C04F1BC063046FFF769
:1055900094FC04F1D0052846FFF78FFC04F11400B9
:1055A000FFF78BFC04F1E400FFF787FC2046FFF7D0
:1055B00084FCA662C4F8F85070BD00BF74040020DB
:1055C0004404002038B5054600F06CFE264BD3F8A5
:1055D000FC200132C3F8FC20D3F8003173B1224B18
:1055E000D3F804318BB9204BD3F80031DA6AEB6A77
:1055F0009A420AD81C4BC3F8005106E01A4BC3F874
:105600000051D3F8FC30012B2AD0174CD4F80831C4
:105610000133C4F80831EB6A01229A40D4F80C1126
:105620000A43C4F80C2104F1300003EB83039A0011
:10563000291D1044FFF74FFC00F05AFED4F8043146
:105640006BB1D4F80031DA6AEB6A9A4207D2074BA1
:105650004FF080521A60BFF34F8FBFF36F8F38BD8A
:10566000FFF784FFD1E700BF4404002004ED00E011
:1056700070B504460E46214BD3F81051D3F8000103
:105680000430FFF74EFC60B91C4BD3F80021D16AFF
:10569000012202FA01F1D3F80C2122EA0102C3F837
:1056A0000C21B4F1FF3F14BF00230123002E08BFDB
:1056B000002393B92C44114BD3F800315C60A54210
:1056C00012D80E4DA86AD5F800110431FFF70FFC6F
:1056D000EB6AA34210D9EC620EE00848D0F8001142
:1056E0000431FFF7F8FB07E0044BD3F8F800D3F8D8
:1056F00000110431FFF7FBFB70BD00BF4404002024
:105700002DE9F04385B00746884615469946900036
:1057100000F038FFF8B10646542000F033FF04468D
:10572000A8B10663D4B10023039302940D9B0193A7
:105730000C9B00934B462A4641463846FFF7D5FE60
:105740002046FFF73FFF012005B0BDE8F08330465B
:1057500000F098FFE6E74FF0FF30F5E74FF0FF303D
:10576000F2E7000070B5044600F09CFD002C3DD02F
:10577000261D3046FFF7D5FB88B9E26A02EB8203AB
:1057800099002E4B0B441B6B4BB9012303FA02F219
:105790002A49D1F80C3123EA0203C1F80C31A36A7B
:1057A0001BB104F11800FFF7BCFB244BD3F8082110
:1057B0000132C3F80821D3F80031A3421AD01F4A9E
:1057C000D2F8FC30013BC2F8FC302046FFF784FEE3
:1057D000FFF770FE00F08CFD184BD3F8043123B1B5
:1057E000164BD3F80031A34210D070BD134BD3F841
:1057F0000041BDE7114D314605F1E400FFF76BFBB9
:10580000D5F814310133C5F81431E3E70B4BD3F865
:10581000183153B14FF0500372B683F31188BFF3C0
:105820006F8FBFF34F8F62B6FEE7054B4FF080528C
:105830001A60BFF34F8FBFF36F8FD6E74404002089
:1058400004ED00E000B583B0194B019300230093F1
:10585000802218491848FFF753FF012805D0B0F1FE
:10586000FF3F19D003B05DF804FB4FF0500372B650
:1058700083F31188BFF36F8FBFF34F8F62B60F4B67
:105880004FF0FF32DA620122C3F804210022C3F88C
:10589000102100F0A5FDE5E74FF0500372B683F349
:1058A0001188BFF36F8FBFF34F8F62B6FEE700BF63
:1058B00060050020900A0108395C000844040020BB
:1058C000034AD2F818310133C2F81831704700BFCB
:1058D00044040020014BD3F8100170474404002019
:1058E0002DE9F041414BD3F81831002B6ED13F4BDD
:1058F000D3F810510135C3F81051DDB99B6A1B680C
:1059000053B14FF0500372B683F31188BFF36F8F1A
:10591000BFF34F8F62B6FEE7344B9A6AD3F8F810A4
:105920009962C3F8F820D3F820210132C3F820216E
:10593000FFF7C0FD2D4BDB6AAB423DD900242B4A5B
:10594000D2F80031DB6A03EB830399000A44136B3E
:10595000012B42D9012440E00124244B9B6A1B689F
:1059600063B3224B9B6ADB68DE6873689D422AD36F
:1059700006F104084046FFF7D4FAB36A1BB106F1FA
:105980001800FFF7CEFAF36A01229A40174FD7F8B2
:105990000C110A43C7F80C2107F1300003EB830315
:1059A0009A0041461044FFF796FAF26AD7F80031A0
:1059B000DB6A9A42D0D2D0E70024CEE70B4B4FF0FF
:1059C000FF32DA62BBE7094AD362B8E7074AD2F886
:1059D00024310133C2F824310024044BD3F8283198
:1059E00003B101242046BDE8F08100BF440400203B
:1059F0003A4BD3F8183153B94FF0500372B683F3D2
:105A00001188BFF36F8FBFF34F8F62B6FEE770B59B
:105A100000F048FC314BD3F81821013AC3F81821A3
:105A2000D3F81831002B54D12C4BD3F8FC3023B9C8
:105A3000002400F05DFC204670BD0024274B5B690C
:105A40002BB3264D2B6ADC6804F11800FFF769FAC6
:105A5000261D3046FFF765FAE36A01229A40D5F821
:105A60000C110A43C5F80C2105F1300003EB830348
:105A70009A0031461044FFF72EFAE26AD5F8003159
:105A8000DB6A9A42DAD30122C5F82821D6E70CB1A5
:105A9000FFF710FD114BD3F8244164B1FFF720FF4D
:105AA00018B10E4B0122C3F82821013CF6D10B4B53
:105AB0000022C3F82421094BD3F828315BB1084BED
:105AC0004FF080521A60BFF34F8FBFF36F8F0124E6
:105AD000AFE70024ADE70024ABE700BF440400209B
:105AE00004ED00E038B560B10546A9B94FF05003A8
:105AF00072B683F31188BFF36F8FBFF34F8F62B617
:105B0000FEE74FF0500372B683F31188BFF36F8F37
:105B1000BFF34F8F62B6FEE71C4BD3F8183153B179
:105B20004FF0500372B683F31188BFF36F8FBFF34A
:105B30004F8F62B6FEE70C46FFF7C2FE134BD3F859
:105B400010012A681444824218D9A2420CD82C6051
:105B5000FFF74EFF38B90E4B4FF080521A60BFF37B
:105B60004F8FBFF36F8F38BDA04201D32C60EFE79A
:105B70002C600021201AFFF77BFDE9E7A24201D843
:105B8000A04201D22C60F4E72C60E1E7440400203D
:105B900004ED00E010B5C0B10446104BD3F8183145
:105BA00053B14FF0500372B683F31188BFF36F8F78
:105BB000BFF34F8F62B6FEE7FFF782FE002120465B
:105BC000FFF756FDFFF714FF38B9054B4FF0805231
:105BD0001A60BFF34F8FBFF36F8F10BD44040020D6
:105BE00004ED00E038B5134BD3F814310BB3FFF7D5
:105BF00067FE104BD3F8E440FFF7FAFE002CF2D01A
:105C000000F050FB0B4CD4F8F030DD68281DFFF796
:105C100088F9D4F8FC30013BC4F8FC30D4F81431D6
:105C2000013BC4F8143100F063FB2846FFF754FC35
:105C3000D9E738BD4404002008B5FFF7D3FF064B71
:105C40001B6B012BF9D9054B4FF080521A60BFF343
:105C50004F8FBFF36F8FF0E74404002004ED00E0A6
:105C6000234BD3F8183123B1214B0122C3F828214B
:105C700070471F4A0023C2F82831D2F80C31B3FA1A
:105C800083F3DBB2C3F11F0303EB830081000A44FB
:105C9000126B52B94FF0500372B683F31188BFF301
:105CA0006F8FBFF34F8F62B6FEE710B4104A9900B2
:105CB000CC18A0001044446B64684463303219442B
:105CC00088000830024494420BD0094903EB830357
:105CD0009A000A44536BDB68C1F800315DF8044B4D
:105CE000704761680248142202FB03025163ECE72B
:105CF0004404002050B94FF0500372B683F311886A
:105D0000BFF36F8FBFF34F8F62B6FEE710B50C463F
:105D1000054BD3F800111831FFF7E9F801212046AF
:105D2000FFF7A6FC10BD00BF4404002038B5C368CF
:105D3000DC6854B94FF0500372B683F31188BFF397
:105D40006F8FBFF34F8F62B6FEE704F11805284648
:105D5000FFF7E7F8154BD3F8183103BB251D28468C
:105D6000FFF7DFF8E36A01219940104AD2F80C01ED
:105D70000143C2F80C11303203EB8303980029462B
:105D80001044FFF7A8F8E26A084BD3F80031DB6A49
:105D90009A4209D90120054BC3F8280138BD29468C
:105DA0000348FFF798F8EEE70020F7E744040020E7
:105DB0005804002038B1094AD2F820110160D2F805
:105DC0001021426070474FF0500372B683F3118880
:105DD000BFF36F8FBFF34F8F62B6FEE7440400201E
:105DE00038B560B10446A9B94FF0500372B683F3D9
:105DF0001188BFF36F8FBFF34F8F62B6FEE74FF08E
:105E0000500372B683F31188BFF36F8FBFF34F8FC8
:105E100062B6FEE70D4600F045FA124BD3F81011BA
:105E20002B68B3F1FF3F19D020680E4AD2F8202129
:105E3000904202D062688A4212D96268881A83420C
:105E400004D8012400F054FA204638BD521A1344F5
:105E50002B602046FFF7AEFF0024F3E70024F1E7B4
:105E60000124EFE744040020024B0122C3F828215B
:105E7000704700BF44040020064BD3F804313BB107
:105E8000044BD3F818310BB1002070470220704743
:105E9000012070474404002000284DD038B5054645
:105EA000C26A2649D1F80011C96A8A4216D28169AC
:105EB000002906DB2149D1F80011C96AC1F10701A7
:105EC0008161686902EB820291001D4A0A44904296
:105ED00005D01A4AD2F80021D26AEA6238BD2C1DD8
:105EE0002046FFF71EF8A0B11448D0F80031DB6A55
:105EF000EB6201229A40D0F80C110A43C0F80C2141
:105F0000303003EB83039A0021461044FEF7E3FF91
:105F1000E4E7EA6A02EB82039900084B0B441B6B2F
:105F2000002BE1D1012393400449D1F80C2122EA4E
:105F30000302C1F80C21D7E7704700BF44040020DA
:105F400074040020002851D038B504462A4AD2F8FB
:105F5000002182420AD04FF0500372B683F31188B9
:105F6000BFF36F8FBFF34F8F62B6FEE7826C52B9FB
:105F70004FF0500372B683F31188BFF36F8FBFF3F6
:105F80004F8F62B6FEE7013A8264C06A616C884254
:105F90002ED07ABB251D2846FEF7C3FF78B9E26AEA
:105FA0001549142303FB02131B6B43B9012303FAA6
:105FB00002F2D1F80C3123EA0203C1F80C31626C11
:105FC000E262C2F10703A361012404FA02F10A4B61
:105FD000D3F80C010143C3F80C11303329461420C7
:105FE00000FB0230FEF777FF204638BD00207047E7
:105FF0000020FAE70020F8E744040020064BD3F81D
:1060000000312BB1044BD3F80021936C013393641E
:10601000014BD3F80001704744040020F8B507464F
:106020000D4614461E4600F03DF9244BD3F80031CE
:1060300093F85030DBB2022B0CD0204BD3F8002168
:10604000D06C20EA0700D064D3F80031012283F835
:1060500050201EBB00F04CF900F024F924B1174B7E
:10606000D3F80031DB6C2360144BD3F8003193F884
:106070005030DBB2012B1ED0104BD3F80031D96C5D
:1060800021EA0501D96401240C4BD3F80031002228
:1060900083F8502000F02CF92046F8BD1146304618
:1060A000FFF7E6FA064B4FF080521A60BFF34F8FAE
:1060B000BFF36F8FCEE70024E6E700BF4404002063
:1060C00004ED00E02DE9F843089E50B94FF050036D
:1060D00072B683F31188BFF36F8FBFF34F8F62B631
:1060E000FEE70446994615460F4600F0CBF9EFF35C
:1060F00011884FF0500372B683F31188BFF36F8F8E
:10610000BFF34F8F62B6B9F1000F02D0E36CC9F84C
:10611000003094F85030DBB2022284F850206A1E1E
:10612000032A1BD8DFE802F0020D1215E26C1743B8
:10613000E7640125012B15D088F311882846BDE8B6
:10614000F883E26C0132E2640125F3E7E76401259C
:10615000F0E7022B04D0E7640125EBE70125E9E72E
:106160000025E7E7A36A53B14FF0500372B683F3FB
:106170001188BFF36F8FBFF34F8F62B6FEE7174BE7
:10618000D3F81831F3B9271D3846FEF7CAFEE06A86
:1061900001228240114BD3F80C110A43C3F80C21A1
:1061A00030333946142202FB0030FEF794FEE26AD7
:1061B0000A4BD3F80031DB6A9A42BDD946B10123BC
:1061C0003360B9E704F118010548FEF784FEEEE7F5
:1061D000024B0122C3F82821AEE700BF440400208F
:1061E000580400200D4B1B68B3F1FF3F0AD04FF05D
:1061F000500372B683F31188BFF36F8FBFF34F8FD5
:1062000062B6FEE74FF0500372B683F31188BFF316
:106210006F8FBFF34F8F62B6FEE700BF34020020DE
:1062200006480068006880F3088862B661B6BFF36C
:106230004F8FBFF36F8F00DF00BF000008ED00E05D
:10624000DFF80C00016841F4700101607047000044
:1062500088ED00E04FF0807340F8043C21F001012C
:1062600040F8081C054B40F80C3C40F8202C6FF01F
:10627000020340F8243C4438704700BFE561000841
:10628000074B19680868B0E8F04F80F30988BFF33E
:106290006F8F4FF0000080F311887047AFF30080DC
:1062A000440500204FF0500372B683F31188BFF30A
:1062B0006F8FBFF34F8F62B60B4A136801331360C1
:1062C000012B00D07047094B1B6813F0FF0FF9D06A
:1062D0004FF0500372B683F31188BFF36F8FBFF393
:1062E0004F8F62B6FEE700BF3402002004ED00E0ED
:1062F0000A4B1B6853B94FF0500372B683F31188F1
:10630000BFF36F8FBFF34F8F62B6FEE7013B034AC7
:1063100013600BB983F31188704700BF340200206B
:10632000EFF30980BFF36F8F154B1A681EF0100F43
:1063300008BF20ED108A20E9F04F10604DF8043DB1
:106340004FF0500072B680F31188BFF34F8FBFF348
:106350006F8F62B6FFF784FC4FF0000080F3118866
:1063600008BC19680868B0E8F04F1EF0100F08BFAD
:10637000B0EC108A80F30988BFF36F8F704700BFBD
:106380004405002008B54FF0500372B683F311881E
:10639000BFF36F8FBFF34F8F62B6FFF7A1FA18B14B
:1063A000034B4FF080521A60002383F3118808BD1D
:1063B00004ED00E0064B1B68064AA2FB03239B0981
:1063C000013B054A1360054B07221A60704700BF66
:1063D00040020020D34D621014E000E010E000E025
:1063E00000B583B0224B1A78D2B20192FF221A7004
:1063F0001B78DBB28DF803309DF8033003F05003B7
:106400001C4A13700723536009E01A4A5368013B82
:1064100053609DF803305B00DBB28DF803309DF8CC
:10642000033013F0800FF0D1124A53681B0203F4BB
:10643000E0635360019BDBB20D4A13700E4B1A6888
:1064400042F470021A601A6842F070421A60FFF754
:10645000B1FF0A4B00221A60FFF7F2FE084A1368E8
:1064600043F040431360FFF7DBFEFFF7BBFE00BFC6
:1064700000E400E07005002020ED00E03402002080
:1064800034EF00E0EFF305830F2B11D9124A9B5C28
:10649000DBB2124A12789A420AD94FF0500372B610
:1064A00083F31188BFF36F8FBFF34F8F62B6FEE7A0
:1064B0000B4B1B6803F4E063084A526893420AD905
:1064C0004FF0500372B683F31188BFF36F8FBFF3A1
:1064D0004F8F62B6FEE77047F0E300E070050020E2
:1064E0000CED00E0104A12F0070F1AD0D11D21F078
:1064F0000701C1F5705313440A460C490A60002095
:1065000048601344083B23F007038B605860186011
:10651000981A50601360C86008614FF000434B61E7
:1065200070474FF47053E8E790050020780500208D
:1065300010B4134B1A6882421BD359685C1884420A
:1065400003D1406801445960184641684418A2428A
:1065500013D10B4CA468A2420DD052681144416083
:106560001A6812680260984200D018605DF8044B07
:1065700070471346DEE70460F5E70260F3E700BF0B
:106580007805002070B50446FFF79AF93C4B9B68EC
:10659000CBB13B4B5B691C4268D1BCB1083414F0F1
:1065A000070F13D024F00704083404F007036BB17D
:1065B0004FF0500372B683F31188BFF36F8FBFF3B0
:1065C0004F8F62B6FEE7FFF78DFFE2E7002C4FD05A
:1065D0002B4B1B69A3424DD3294B1D6801E02B4671
:1065E00015466A68A24202D22A68002AF7D1244AD4
:1065F0009268AA4240D01E6808362A681A606B6802
:106600001B1B102B12D9281910F0070F0AD04FF0BE
:10661000500372B683F31188BFF36F8FBFF34F8FB0
:1066200062B6FEE743606C60FFF782FF6968144A58
:1066300013695B1A1361D268934201D2104AD36086
:106640000F4B5B690B436B6000232B60FFF7D0F9A6
:1066500016F0070F12D04FF0500372B683F3118873
:10666000BFF36F8FBFF34F8F62B6FEE70026EDE7F3
:106670000026EBE70026E9E70026E7E7304670BD95
:1066800078050020002834D038B50446A0F108056C
:1066900050F8042C174949690A420AD14FF05003B7
:1066A00072B683F31188BFF36F8FBFF34F8F62B65B
:1066B000FEE750F8080C50B14FF0500372B683F368
:1066C0001188BFF36F8FBFF34F8F62B6FEE722EAE8
:1066D000010244F8042CFFF7F3F854F8041C054AAF
:1066E00013690B4413612846FFF722FFFFF780F977
:1066F00038BD70477805002010B40160C260038285
:10670000019B4360BDF808300381039B4361BDF8E2
:10671000103003835DF8044B704730B587B00446F2
:106720008DF80F10002206AD05F8012D018AC06812
:10673000FBF74EF94FF47A73009301232A460DF1CB
:106740000F012068FCF752FD9DF80F30072B0DD08C
:10675000FF238DF816304FF47A73009301230DF167
:1067600017020DF116012068FCF740FD0122218A75
:10677000E068FBF72DF99DF8170007B030BD30B584
:1067800083B004468DF8062041F0200102AD05F8E3
:10679000011D0022018AC068FBF71AF94FF47A73D1
:1067A000012229462068FCF76AFC4FF47A73012223
:1067B0000DF106012068FCF762FC0122218AE068E5
:1067C000FBF706F903B030BD30B583B0044602AD27
:1067D000502305F8043D0022018AC068FBF7F8F851
:1067E0004FF47A73012229462068FCF748FC012106
:1067F0000B4B1A6800235362536A8B42FCD302A9E5
:10680000732301F8043D4FF47A7301222068FCF7EA
:1068100036FC0122218AE068FBF7DAF803B030BDCC
:106820004C56002030B583B0044602ADE22305F893
:10683000043D0022018AC068FBF7CAF84FF47A735E
:10684000012229462068FCF71AFC0121064B1A6830
:1068500000235362536A8B42FCD30122218AE068F1
:10686000FBF7B6F803B030BD4C56002030B583B00E
:10687000044602ADE12305F8043D0022018AC06808
:10688000FBF7A6F84FF47A73012229462068FCF73B
:10689000F6FB0121064B1A6800235362536A8B42B0
:1068A000FCD30122218AE068FBF792F803B030BDE7
:1068B0004C560020F0B583B0044616461F4602AD84
:1068C00005F8011D0022018AC068FBF781F84FF42A
:1068D0007A73012229462068FCF7D1FB4FF47A73C2
:1068E0003A4631462068FCF7CFFD0122218AE06854
:1068F000FBF76EF803B0F0BDF0B583B00446164662
:106900001F4641F0200102AD05F8011D0022018A59
:10691000C068FBF75DF84FF47A73012229462068BE
:10692000FCF7ADFB01210A4B1A6800235362536A3E
:106930008B42FCD34FF47A733A4631462068FCF719
:106940009EFB0122218AE068FBF742F803B0F0BD0C
:106950004C56002010B504460021FFF7DEFE40F043
:106960000302D2B200212046FFF709FF012221894C
:106970006068FBF72DF89621064B1A6800235362D6
:10698000536A8B42FCD32046FFF74CFF2046FFF7AB
:106990006DFF10BD4C56002038B504460022018919
:1069A0004068FBF715F841F288312D4B1A68002337
:1069B0005362536A8B42FCD3022200212046FFF728
:1069C000DEFE41F28831264B1A6800235362536A77
:1069D0008B42FCD3002201212046FFF7D0FE01228A
:1069E00002212046FFF7CBFE012203212046FFF7BC
:1069F000C6FE5F2204212046FFF7C1FE2046FFF7B6
:106A0000E3FE00221D212046FFF7B9FE00221C21D3
:106A10002046FFF7B4FE702207212046FFF7AFFEA5
:106A20004C2205212046FFF7AAFE062211462046E9
:106A3000FFF7A5FE0B4D03232A4610212046FFF742
:106A40005BFF03232A460A212046FFF755FF202239
:106A500011212046FFF793FE2046FFF77BFF38BD4C
:106A60004C560020380200202DE9F0438FB000245E
:106A700009940A940B940C940D945A4B1A6B42F09F
:106A800010021A631A6B02F010020192019A1A6B3B
:106A900042F004021A631A6B02F004020292029A94
:106AA0001A6B42F020021A631A6B02F02002039262
:106AB000039A1A6B42F080021A631A6B02F080028A
:106AC0000492049A1A6B42F001021A631A6B02F0E4
:106AD00001020592059A1A6B42F002021A631A6BC0
:106AE00002F002020692069A1A6B42F008021A633A
:106AF0001A6B02F008020792079A1A6B42F480722E
:106B00001A631B6B03F480730893089B364E22466E
:106B10004FF404513046FAF75BFF344F22464FF4EE
:106B2000CC713846FAF754FF012220213046FAF79B
:106B30004FFFDFF8C490224603214846FAF748FF8A
:106B40004FF40453099301250A950B940C9409A959
:106B50003046FAF74DFE182309930A950B940C94CE
:106B600009A93846FAF744FE40230993204B0A93BB
:106B70000B9409A93846FAF73BFE4FF4C07309930A
:106B80000A950B944FF00308CDF8308009A93846D8
:106B9000FAF72EFE202309930A950B94CDF8308046
:106BA00009A93046FAF724FECDF824800A950B9403
:106BB0000C9409A94846FAF71BFE4FF48053099339
:106BC0000A940B9409A90B48FAF712FE22460521F4
:106BD0001720FAF7A7FB1720FAF7D6FB0FB0BDE88E
:106BE000F08300BF00380240000802400014024059
:106BF00000002110000002400004024000B583B0F4
:106C0000164B1A6B42F480021A631A6B02F480026C
:106C10000092009A1A6B42F400121A631B6B03F481
:106C200000130193019B002205211020FAF77AFB43
:106C30001020FAF7A9FB002205211120FAF772FBB8
:106C40001120FAF7A1FB002205214620FAF76AFB82
:106C50004620FAF799FB03B05DF804FB00380240C8
:106C600008B50E480E4B03604FF482734360002357
:106C700083604FF4E062C260036143614FF40072CD
:106C800082610822C2610362436283620721C1629A
:106C900003634263FCF796F908BD00BFBC450020C2
:106CA0000038004008B50F480F4B03604FF4827363
:106CB0004360002383604FF47062C260022202616D
:106CC000012242614FF4007282610822C2610362B4
:106CD000436283620722C26203634363FCF772F973
:106CE00008BD00BF385500200030014008B50748F6
:106CF000074B03606C234360002383604FF6FF72F1
:106D0000C26003618361FCF793FE08BD4C5600200E
:106D10000020004008B50948094B0360094B436057
:106D200000238360C36003610C2242618361C361FD
:106D300003624362FDF78FFF08BD00BF5050002083
:106D40000010014000CA080008B50948094B03605B
:106D50004FF41653436000238360C36003610C2229
:106D600042618361C36103624362FDF774FF08BD42
:106D7000DC5500200044004008B50B480B4B036075
:106D80004FF4E13343604FF4805383600023C360CA
:106D90004FF4C06202610C2242618361C3610362ED
:106DA0004362FDF758FF08BDA84600200048004098
:106DB00038B50D4C0D4B23600D4B63600025A5606D
:106DC0000123E36025616561A561E56125622046D7
:106DD000FAF740FF29462046FBF72AF929462046C4
:106DE000FBF754F938BD00BF6C450020005C004043
:106DF0000D03006070B58CB00024079408940994CA
:106E00000A940B94039404940594069400940194BA
:106E100002941A4D1A4B2B60D6236B60AC604FF670
:106E2000FF73EB602C616C61AC612846FCF732FEAD
:106E3000042607965023089309940A940B9407A9F3
:106E40002846FDF741F80394012304930594069422
:106E5000224603A92846FCF741FF0223039304932B
:106E6000324603A92846FCF739FF009401940294A6
:106E700069462846FDF728F90CB070BD244600206D
:106E80000004014070B590B000240C940D940E9451
:106E90000F940794089409940A940B94039404940F
:106EA000059406940094019402941E4D1E4B2B6091
:106EB0006B236B60AC604FF6FF73EB602C61AC61D1
:106EC0002846FCF7B5FD4FF480530C930CA92846D7
:106ED000FCF770FF2846FCF7DDFD042607965023DB
:106EE000089309940A940B9407A92846FCF7ECFF31
:106EF00003940123049305940694224603A928468B
:106F0000FCF7ECFE022303930493324603A92846C0
:106F1000FCF7E4FE0094029469462846FDF7D4F895
:106F200010B070BDF04E0020000C004070B590B065
:106F300000240C940D940E940F94079408940994D3
:106F40000A940B9403940494059406940094019479
:106F500002941F4D1F4B2B60D7236B60AC604FF624
:106F6000FF73EB602C616C61AC612846FCF760FD3F
:106F70004FF480530C930CA92846FCF71BFF2846BE
:106F8000FCF788FD042607965023089309940A9479
:106F90000B9407A92846FCF797FF03940123049359
:106FA00005940694224603A92846FCF797FE02237F
:106FB00003930493324603A92846FCF78FFE0094FE
:106FC0000194029469462846FDF77EF810B070BD22
:106FD000AC5400200000014070B590B000240C9427
:106FE0000D940E940F940794089409940A940B94AA
:106FF00003940494059406940094019402941E4D05
:107000001E4B2B606B236B60AC604FF6FF73EB6025
:107010002C61AC612846FCF70BFD4FF480530C93B8
:107020000CA92846FCF7C6FE2846FCF733FD0426CB
:1070300007965023089309940A940B9407A92846AD
:10704000FCF742FF0394012304930594069422461F
:1070500003A92846FCF742FE022303930493324619
:1070600003A92846FCF73AFE009402946946284694
:10707000FDF72AF810B070BD6446002000080040FB
:1070800070B58EB000240A940B940C940D94059462
:107090000694079408940994019402940394049428
:1070A0001C4D1D4B2B60CF236B60AC604FF6FF7304
:1070B000EB602C61AC612846FCF7BAFC4FF48053BE
:1070C0000A930AA92846FCF775FE2846FCF7E2FC5D
:1070D000042605965023069307940894099405A95D
:1070E0002846FCF7F1FE01940123029303940494D3
:1070F00022460DEB06012846FCF7F0FD0223019322
:10710000029332460DEB06012846FCF7E7FD0EB070
:1071100070BD00BFEC5400200040014070B58EB03F
:1071200000240A940B940C940D94059406940794EF
:107130000894099401940294039404941C4D1D4BEB
:107140002B606B236B60AC604FF6FF73EB602C61C0
:10715000AC612846FCF76CFC4FF480530A930AA9F3
:107160002846FCF727FE2846FCF794FC04260596E3
:107170005023069307940894099405A92846FCF720
:10718000A3FE0194012302930394049422460DEB81
:1071900006012846FCF7A2FD022301930293324622
:1071A0000DEB06012846FCF799FD0EB070BD00BF3F
:1071B0008C5600200018004030B58FB000240A948F
:1071C0000B940C940D9407940894099400940194E2
:1071D000029403940494059406941E4D4FF080434A
:1071E0002B606B236B60AC6040F2CF73EB602C6163
:1071F000AC612846FCF71CFC4FF480530A930AA9A3
:107200002846FCF7D7FD2846FCF72BFC0794099489
:1072100007A92846FCF758FF6023009301940294C5
:107220000494224669462846FCF77CFF04226946FE
:107230002846FCF777FF082269462846FCF772FFCC
:107240000C2269462846FCF76DFF284601F064FAD7
:107250000FB030BD9C55002030B58FB000240A948B
:107260000B940C940D940794089409940094019441
:1072700002940394049405940694194D194B2B60C1
:107280006B236B60AC6040F2CF73EB602C61AC6140
:107290002846FCF7CDFB4FF480530A930AA92846F1
:1072A000FCF788FD2846FCF7DCFB0794099407A946
:1072B0002846FCF709FF602300930194029404948C
:1072C000224669462846FCF72DFF042269462846D7
:1072D000FCF728FF284601F01FFA0FB030BD00BFB1
:1072E000304F00200004004030B5A5B000252395A4
:1072F0004FF4FA60FDF7D8FD01F0B2FC2620FAF752
:1073000043F84FF47A7233493348FCF7F2FF37E021
:10731000239B012B09D0022B10D0BDF8803003F045
:107320000F030F2B13D0002429E0C5F57A716A46AC
:1073300089B22848284401F08BFDEEE7C5F57A7143
:107340006A4689B22548284401F082FDE5E700231A
:107350001A46694622480068FDF70EFF0024ADF882
:1073600080400CE0611B6A4689B21A48284401F04B
:107370006FFDBDF8803003F00F030F2B1ED02546A4
:10738000322323AA00210846FEF748FE0128BFD079
:10739000114BB3F85A40C4F57A74A4B25B6D1B1B51
:1073A0000C4A9342DED00D4A9342E2D1611B6A46F9
:1073B00089B20A48284401F04BFDDAE700231A4657
:1073C000694607480068FDF7D7FE0023ADF8803016
:1073D000D5E700BFC0500020DC550020CC5600206F
:1073E0002C55002010B51720F9F7CEFF084C0323C9
:1073F000084A10212046FFF77FFA0323064A0A2194
:107400002046FFF779FA4FF47A70FDF74DFDFAE761
:10741000744F0020380200203C02002000000000D1
:107420002DE9F04FCBB0FEF755FA3790F9F702FF90
:1074300006A8F9F7ADFD3EAA44A94D4804F05CF951
:1074400038A94B4804F024FCDDE90C23CDE91E23C8
:10745000DDE91023CDE92023DDE90E23924603F177
:10746000004BCDE922AB40A3D3E90023DDE90601BF
:10747000F9F78AF800223F4BF9F7B0F9CDE924017A
:1074800039A3D3E90023DDE90A01F9F77DF80022E9
:10749000384BF9F7A3F9CDE92601DDE9082300927D
:1074A00003F10043019330A3D3E90023DDE9000198
:1074B000F9F76AF800222F4BF9F790F9CDE9280186
:1074C000DDE94823904603F10049CDE92A89DDE949
:1074D0004623144603F10045CDE92C45DDE944235C
:1074E000164603F10047CDE92E67DDE93C23029201
:1074F00003F1004303931CA3D3E90023DDE9020158
:10750000F9F742F800221B4BF9F768F9CDE9300191
:10751000DDE93823049203F10043059312A3D3E974
:107520000023DDE90401F9F72FF80022114BF9F7E8
:1075300055F9CDE932010CA3D3E90023DDE93A0185
:10754000F9F722F800220B4BF9F748F9CDE934019D
:1075500000231A461EA908480068FDF70DFE0A21FF
:1075600037A8FEF7BFFA5EE7182D4454FB21094007
:107570006C45002000806640B845002000B585B00D
:1075800003F0C6FFBDF804204FF080435A63BDF8F6
:1075900006209A63BDF80820DA63BDF80A201A6451
:1075A000BDF80C2003F580635A63BDF80E209A6382
:1075B0000A20FDF779FCE5E72DE9F04B2DED108B66
:1075C000ADF5767D03F0A4FFBA228F493FA807F0FE
:1075D00081F9FF23B9223FA98C48FCF75CFF4FF0EB
:1075E000000B00234FF0FF32DEA989480068FDF749
:1075F00089FE00231A46BCA986480068FDF782FE72
:1076000080460022844BDDE9CC01F9F7E7F8CDE9AB
:107610003201DDE9D023309203F10043319300229F
:107620007D4BDDE93001F9F7D9F8CDE934010022CD
:10763000794BDDE9CE01F9F7D1F8CDE93601FEF756
:1076400049F981469DF818536BA3D3E90023DDE97E
:10765000BE01F8F799FF0022704BF9F7BFF838AC7C
:1076600002943CAB01933AAB009341EC100B032D19
:1076700014BF0023012332AAEAA9F0A801F0C8FF31
:10768000FEF728F905469DED32FB9DED34EB9DEDAF
:1076900036DB9DF81863032E14BF0027012756A37D
:1076A000D3E90023DDE9BE01F8F76EFF00225B4B52
:1076B000F9F794F841EC180B4FA3D3E90023DDE967
:1076C000BC01F8F761FF0022544BF9F787F841EC51
:1076D000190B0022514BD4E90001F8F755FF46A3DE
:1076E000D3E90023F9F77AF841EC1A0B00224B4B4F
:1076F000D4E90201F8F748FF3FA3D3E90023F9F7E3
:107700006DF841EC1B0B0022444BD4E90401F8F75F
:107710003BFF39A3D3E90023F9F760F841EC1C0BD8
:107720005846F8F7B7FE36A3D3E90023F8F72CFF45
:10773000A5EB09052E95CDE92C012B96CDF8A88057
:107740008DED28CB8DED26BB8DED24ABDDE9C0237F
:10775000CDE922238DED209B8DED1E8B1C978DEDA9
:107760001ADB8DED18EB8DED16FBDDE9F423CDE989
:107770001423DDE9F223CDE91223DDE9F023CDE97D
:107780001023DDE9EE23CDE90E23DDE9EC23CDE97D
:107790000C23DDE9EA23CDE90A23DDE9E823CDE97D
:1077A0000823DDE9E623CDE90623DDE9E423CDE97D
:1077B0000423DDE9E223CDE90223DDE9E023CDE97D
:1077C0000023DDE9DE2316493FA807F0F3FC044659
:1077D0009DF81823032A14BF002201220821114812
:1077E000FAF7F6F8A2B23FA90848FCF7DBFD0BF167
:1077F000010BF6E6AFF30080182D4454FB2109403D
:107800007B14AE47E17A843F980A0108505000206B
:10781000B84500202C5500200000594000806640EB
:10782000540B01080014024030B597B0002515959F
:107830004FF4FA60FDF738FB2620F9F7A5FD4FF469
:107840007A7233493348FCF754FD37E0159B012B1E
:1078500009D0022B10D0BDF84C3003F00F030F2BD2
:1078600013D0002429E0C5F57A716A4689B2284808
:107870002844FDF72FFAEEE7C5F57A716A4689B21A
:1078800025482844FDF726FAE5E700231A4669460D
:1078900022480068FDF770FC0024ADF84C400CE075
:1078A000611B6A4689B21A482844FDF713FABDF8ED
:1078B0004C3003F00F030F2B1ED02546322315AAA0
:1078C00000210846FEF7AAFB0128BFD0114BB3F8F0
:1078D0005A40C4F57A74A4B25B6D1B1B0C4A9342E8
:1078E000DED00D4A9342E2D1611B6A4689B20A4852
:1078F0002844FDF7EFF9DAE700231A4669460848FD
:107900000068FDF739FC0023ADF84C30D5E700BF27
:1079100020470020A8460020084B00202C550020BE
:10792000704F002008B5084B1868FDF7B8FA074BF0
:107930001868FDF7B4FA064B1868FDF7B0FA642032
:10794000FDF7B2FAEFE700BFA8540020B45A0020B8
:107950000845002030B5B5B03022002128A806F037
:10796000C4FF0024239424942594269427948422ED
:10797000214602A806F0B9FF204B1A6C42F0805253
:107980001A641B6C03F080530093009B1C4B1A6815
:1079900042F440421A601B6803F440430193019B88
:1079A000012328934FF48033299302252E954FF419
:1079B00080032F9304233093D8233193329533954A
:1079C00028A8FAF7CDFBFAF78DFB0F232393249514
:1079D00025944FF4A05326934FF480532793072107
:1079E00023A8FAF713FE074B0293139414941594EB
:1079F0001D9402A8FAF700FF35B030BD00380240F0
:107A000000700040C001010070B5C2B032220021F8
:107A100035A806F06AFF00263096319632963396E6
:107A20003496224A4023039302924FF480730193C9
:107A3000009280231E4904A8FEF75EFE1D4D04AC93
:107A40000FCC0FC594E8070085E807001A4804F03A
:107A5000C9F81A4B1860BFF34F8FBFF36F8F184BE5
:107A6000C3F850625A6942F400325A61BFF34F8F33
:107A7000BFF36F8FC3F88460BFF34F8FD3F880409C
:107A8000C4F34E310FE01A4643F6E07303EA4113A4
:107A900043EA82730A48C0F86032531E002AF2D1CA
:107AA0004B1E79B11946C4F3C902EDE70014024038
:107AB000BC450020744F00206C450020A4460020E7
:107AC00000ED00E0BFF34F8F436943F4803343611F
:107AD000BFF34F8FBFF36F8FF9F7E0FBFFF73AFF6C
:107AE000FEF7C2FFFFF78AF8FFF7BAF8FFF7FEF8D4
:107AF000FFF710F9FFF728F9FFF75AF9FFF7D2F867
:107B0000FFF778F9FFF7BEF9FFF710FAFFF764FA0D
:107B1000FFF7B6FAFFF702FBFFF74EFBFFF79CFB00
:107B2000FFF72AF9FA20F9F7D7FB1720F9F738FC05
:107B30002620F9F735FCC148FBF7E4FD4FF0804201
:107B400040F2F23353639363D363136402F58062AC
:107B500053639363BA4C00212046FCF715FA0421C5
:107B60002046FCF711FA08212046FCF70DFA0C21FB
:107B70002046FCF709FAB34C00212046FCF704FA32
:107B800004212046FCF700FAAF4C04212046FCF704
:107B900017FA00212046FCF713FAAC4C04212046CA
:107BA000FCF70EFA00212046FCF70AFAA84C042143
:107BB0002046FCF705FA00212046FCF701FA0421D3
:107BC0002046FCF7FDF900212046FCF7F9F9A14C0D
:107BD00004212046FCF7F4F900212046FCF7F0F9D7
:107BE0009D4C04212046FCF7EBF900212046FCF7D0
:107BF000E7F99A4C04212046FCF7E2F900212046DF
:107C0000FCF7DEF9964D2846FEF7C6FE0021284611
:107C1000FEF783FD0246934935A807F0CBFA35A855
:107C2000F9F75AF9904C4FF4805382B235A92046A7
:107C3000FCF731FC01212846FEF76FFD02468B4917
:107C400035A807F0B7FA35A8F9F746F94FF480538D
:107C500082B235A92046FCF71EFC02212846FEF719
:107C60005CFD0246824935A807F0A4FA35A8F9F769
:107C700033F94FF4805382B235A92046FCF70BFC50
:107C800007212846FEF749FD02467A4935A807F044
:107C900091FA35A8F9F720F94FF4805382B235A94B
:107CA0002046FCF7F8FB06212846FEF736FD024683
:107CB000714935A807F07EFA35A8F9F70DF94FF4A8
:107CC000805382B235A92046FCF7E5FB032330AA96
:107CD00010212846FEF7EEFD9DF8C0209DF8C1302A
:107CE0009DF8C2100091654935A807F063FA35A8E0
:107CF000F9F7F2F84FF4805382B235A92046FCF729
:107D0000CAFB032330AA0A212846FEF7D3FD9DF8BB
:107D1000C0209DF8C1309DF8C2100091584935A887
:107D200007F048FA35A8F9F7D7F84FF4805382B234
:107D300035A92046FCF7AFFB524803F054FF064636
:107D4000F9F755FAC5B22B4632464F4935A807F028
:107D500031FA35A8F9F7C0F84FF4805382B235A94B
:107D60002046FCF798FB06EA050210214748F9F780
:107D70002FFE474C2BAD26460FCE0FC533682B6028
:107D800000212BA8FDF771F8424B186026AD04F1D5
:107D900014060FCE0FC533682B60002126A8FDF70F
:107DA00064F83D4B186021AD04F128060FCE0FC5D5
:107DB00033682B60002121A8FDF757F8374B186076
:107DC0001CAD04F13C060FCE0FC533682B600021BB
:107DD0001CA8FDF74AF8324B186017AD04F15006A5
:107DE0000FCE0FC533682B60002117A8FDF73DF8B3
:107DF0002C4B186012AD04F164060FCE0FC533682A
:107E00002B60002112A8FDF730F8274B18600DAD4C
:107E100078340FCC0FC523682B6000210DA8FDF727
:107E200024F8224B1860002288210A20FDF77EF9F1
:107E30001F4B1860002230213CE000BF4C56002050
:107E40009C550020304F002064460020F04E00205A
:107E500024460020EC5400208C560020AC54002016
:107E6000744F0020080C0108505000201C0C010821
:107E70002C0C0108400C0108540C0108680C010886
:107E80008C0C0108A4460020B00C0108001402402C
:107E9000A009010808450020B45A002030550020F0
:107EA0001C470020A854002020460020184700202E
:107EB0002C5500200A20FDF739F9064B18600022E6
:107EC00060210A20FDF732F9034B1860FCF7C8FF68
:107ED000FEE700BF34550020B845002010B5044629
:107EE0000368554A934275D00CD9544A934241D005
:107EF00002F57052934255D0A2F58042934200F0B1
:107F0000818010BDA2F5805293421BD002F58062A1
:107F10009342F6D1037F012BF3D10021FBF70CFC38
:107F200080B2474B18801B889BB21BB9444B002280
:107F30009A81E6E704212046FBF7FEFB80B2404B26
:107F40009881DEE7037F012BDBD10021FBF7F4FBF7
:107F500080B23B4B58805B889BB21BB9384B0022E8
:107F6000DA81CEE704212046FBF7E6FB80B2344BF2
:107F7000D881C6E7037F012BC3D10021FBF7DCFBCF
:107F800080B22F4B98809B889BB21BB92C4B002250
:107F90001A82B6E704212046FBF7CEFB80B2284BBD
:107FA0001882AEE7037F012BABD10021FBF7C4FBA6
:107FB00080B2234BD880DB889BB21BB9204B0022B8
:107FC0005A829EE704212046FBF7B6FB80B21C4B89
:107FD000588296E7037F012B93D10021FBF7ACFB7E
:107FE00080B2174B18811B899BB21BB9144B00221E
:107FF0009A8286E704212046FBF79EFB80B2104B55
:1080000098827EE7037F012B7FF47BAF0021FBF793
:1080100093FB80B20A4B58815B899BB21BB9084B1A
:108020000022DA826DE704212046FBF785FB80B24F
:10803000034BD88265E700BF0018004000040140F0
:10804000904100200F4B984200D0704710B586B089
:108050000446C26E0C4901A807F0ACF8E36E13F0B9
:10806000040F00D1E36EFF2382B201A90748FCF799
:1080700012FA4FF47A7206490248FCF73AF906B050
:1080800010BD00BFDC550020D40C0108505000206A
:10809000C050002000B585B00268414B9A4206D01E
:1080A0000268404B9A423ED005B05DF804FB0023C5
:1080B0000393436DB0F858209B1A3B4A93421AD061
:1080C0003A4A9342ECD14FF47A7237493848FCF778
:1080D00010F9384B186803AB0093002303220221E8
:1080E000FDF7F0FF344B4FF080521A60BFF34F8F13
:1080F000BFF36F8FD8E74FF47A722C492C48FCF706
:10810000F8F82C4B186803AB0093002303220121DD
:10811000FDF7D8FF284B4FF080521A60BFF34F8F06
:10812000BFF36F8FC0E700230393436DB0F858206F
:108130009B1A224A93421AD0214A9342B4D14FF457
:108140007A721E491F48FCF7D4F81F4B186803AB1E
:108150000093002303220221FDF7B4FF164B4FF0DA
:1081600080521A60BFF34F8FBFF36F8F9CE74FF4BD
:108170007A7213491348FCF7BCF8134B186803AB29
:108180000093002303220121FDF79CFF0A4B4FF0CF
:1081900080521A60BFF34F8FBFF36F8F84E700BF29
:1081A0000044004000480040C0500020CC56002051
:1081B000DC5500201C47002004ED00E02047002093
:1081C000084B0020A84600201847002000B585B0C5
:1081D00000230393402802D005B05DF804FB164B42
:1081E0009B7EB3B1144B9B7EDBB2012BF4D1134BBE
:1081F000186803AB0093002303220221FDF762FFFE
:108200000F4B4FF080521A60BFF34F8FBFF36F8F49
:10821000E2E70A4B186803AB009300230322012115
:10822000FDF750FF064B4FF080521A60BFF34F8F9F
:10823000BFF36F8FD0E700BF744F0020B45A002007
:1082400004ED00E008B50268034B9A4200D008BD77
:10825000F9F730F8FBE700BF00100040704700005E
:1082600000B583B00D4B1A6C42F080521A641A6C40
:1082700002F080520092009A5A6C42F480425A6492
:108280005B6C03F480430193019B00220F216FF08C
:108290000100F9F747F803B05DF804FB003802402D
:1082A00010B588B0002303930493059306930793B6
:1082B0000268144B9A4201D008B010BD124C236BD7
:1082C00043F080032363236B03F080030193019B3E
:1082D0004FF4C073039312230493012305930323E4
:1082E00006930423079303A90848F9F781FA236C3E
:1082F00043F400032364236C03F400030293029B02
:10830000DAE700BF005C004000380240001C024079
:1083100070B58AB0002305930693079308930993D9
:1083200003682E4A934204D02D4A934221D00AB0CA
:1083300070BD2C4B5A6C42F480525A645A6C02F451
:1083400080520092009A1A6B42F001021A631B6B72
:1083500003F001030193019BE0230593022306939D
:10836000032308930523099305A91F48F9F740FA49
:10837000DDE71C4B1A6C42F480421A641A6C02F45A
:1083800080420292029A1A6B42F004021A631A6B3C
:1083900002F004020392039A1A6B42F002021A637B
:1083A0001B6B03F002030493049B06230593022630
:1083B0000696032508950524099405A90B48F9F7A5
:1083C00017FA4FF400530593069600230793089578
:1083D000099405A90648F9F70BFAA8E7003001400F
:1083E000003800400038024000000240000802400F
:1083F0000004024000B593B000230D930E930F9339
:108400001093119303688F4A93422AD0B3F1804F9F
:1084100066D08D4A934271D08C4A934279D08C4A6F
:10842000934200F09C808B4A934200F0BE808A4ABF
:10843000934200F0E080894A93425CD1884B1A6CE9
:1084400042F480721A641B6C03F480730C930C9BCF
:10845000002205212D20F8F765FF2D20F8F794FF65
:1084600049E07F4B5A6C42F001025A645A6C02F0A8
:1084700001020092009A1A6B42F010021A631B6B01
:1084800003F010030193019B4FF400730D9302233B
:108490000E93012311930DA97248F9F7A9F900224F
:1084A00005211820F8F73EFF1820F8F76DFF00228D
:1084B00005211920F8F736FF1920F8F765FF00228B
:1084C00005211A20F8F72EFF1A20F8F75DFF002289
:1084D00005211B20F8F726FF1B20F8F755FF0AE0BF
:1084E00003F50E331A6C42F001021A641B6C03F0A0
:1084F00001030293029B13B05DF804FB584B1A6C06
:1085000042F002021A641B6C03F002030393039B04
:10851000F1E7534B1A6C42F004021A641A6C02F031
:1085200004020492049A1A6B42F008021A631B6B4D
:1085300003F008030593059B4FF480530D9302232A
:108540000E9311930DA94848F9F752F9002205211D
:108550001E20F8F7E7FE1E20F8F716FFCBE7404B8A
:108560001A6C42F008021A641A6C02F008020692B1
:10857000069A1A6B42F080021A631B6B03F08003A9
:108580000793079B4FF480630D9302230E9311937F
:108590000DA93648F9F72CF9002205213220F8F709
:1085A000C1FE3220F8F7F0FEA5E72D4B5A6C42F4DD
:1085B00080325A645A6C02F480320892089A1A6B1C
:1085C00042F010021A631B6B03F010030993099B1E
:1085D00020230D9302230E93032311930DA9214809
:1085E000F9F706F9002205211820F8F79BFE18205C
:1085F000F8F7CAFE7FE71A4B1A6C42F040021A6481
:108600001A6C02F040020A920A9A1A6B42F0800237
:108610001A631B6B03F080030B930B9B40230D939A
:1086200002230E93092311930DA91048F9F7E0F8DE
:10863000002205212B20F8F775FE2B20F8F7A4FE69
:1086400059E700BF0000014000040040000800405E
:10865000000C004000400140001800400020004095
:108660000038024000100240000C0240001C024092
:1086700000B589B0002303930493059306930793F1
:10868000026803F1804303F582339A4202D009B0B5
:108690005DF804FB03F59A335A6C42F002025A6407
:1086A0005A6C02F002020192019A1A6B42F4807233
:1086B0001A631B6B03F480730293029B20230393C2
:1086C000022304930323079303A91248F9F790F8B0
:1086D000002205212B20F8F725FE2B20F8F754FE69
:1086E000002205212C20F8F71DFE2C20F8F74CFE67
:1086F000002205212D20F8F715FE2D20F8F744FE65
:10870000002205212E20F8F70DFE2E20F8F73CFE62
:10871000BDE700BF0020024030B589B000230393BD
:1087200004930593069307930368B3F1804F04D035
:10873000224A93422DD009B030BD03F50E331A6B97
:1087400042F001021A631A6B02F001020092009AD1
:108750001A6B42F002021A631B6B03F002030193CF
:10876000019B48F202030393022504950124079418
:1087700003A91348F9F73CF84FF4406303930495B9
:10878000002305930693079403A90E48F9F730F8E0
:10879000D1E70D4B1A6B42F004021A631B6B03F016
:1087A00004030293029BC0230393022304930793C1
:1087B00003A90648F9F71CF8BDE700BF0004004014
:1087C000000002400004024000380240000802405D
:1087D00010B58CB0044600230793089309930A93BD
:1087E0000B930368664A934208D0664A934249D085
:1087F000654A934200F0A3800CB010BD634B5A6CE5
:1088000042F010025A645A6C02F010020192019A6E
:108810001A6B42F001021A631B6B03F0010302930F
:10882000029B4FF4C06307930223089303230A9328
:1088300007230B9307A95648F8F7DAFF5548564B1C
:1088400003604FF000634360402383600023C360F4
:108850004FF48062026143618361C36103624362DA
:10886000F8F724FE58B94B4B23669C630022052180
:108870002520F8F757FD2520F8F786FDBCE7FFF720
:10888000EDFCF0E7414B1A6C42F400321A641A6CAA
:1088900002F400320392039A1A6B42F001021A6347
:1088A0001B6B03F001030493049B0C230793022327
:1088B000089303230A9307230B9307A93448F8F777
:1088C00097FF3648364B03604FF000634360002348
:1088D0008360C3604FF48062026143618361C3615E
:1088E00003624362F8F7E2FD18BB2C4B63669C639E
:1088F0002C482D4B03604FF000634360402383609E
:108900000023C3604FF48062026143618361C361ED
:1089100003624362F8F7CAFD70B9224B23669C6379
:10892000002205212620F8F7FDFC2620F8F72CFD73
:1089300062E7FFF793FCD8E7FFF790FCEDE7134BF6
:108940001A6C42F480221A641A6C02F48022059296
:10895000059A1A6B42F008021A631B6B03F00803B6
:108960000693069B4FF44073079302230893032357
:108970000A9307230B9307A90C48F8F739FF3BE745
:108980000010014000440040004800400038024010
:1089900000000240904F0020B86402400C450020C7
:1089A00088600240F04F0020A0600240000C0240AE
:1089B00000B589B0002201463620F8F7B3FC362016
:1089C000F8F7E2FC154B1A6C42F010021A641B6CAB
:1089D00003F010030193019B02A903A8F9F7EEFE2F
:1089E000F9F7CCFE43000E48A0FB03239B0C013B90
:1089F0000C480D4A026040F2E732C2604360002337
:108A000003618360FBF714F818B1012009B05DF829
:108A100004FB0448FAF783FEF8E700BF0038024081
:108A200083DE1B43B85A002000100040704700004E
:108A300010B586B0074B01AC0FCB07C424F8023B3E
:108A40001B0C2370FF230E2201A90348FBF723FD13
:108A5000FEE700BF300D010850500020FEE7FEE7A2
:108A6000FEE7704708B50248F8F7D4FD08BD00BF1F
:108A70000C45002008B50248F8F7CCFD08BD00BF42
:108A8000F04F002008B54020F8F7A8FF08BD00000F
:108A900008B50348FAF779FE0248FAF776FE08BDF2
:108AA000AC540020EC54002008B50248FAF76DFEE3
:108AB00008BD00BFAC54002008B50248FAF765FEB7
:108AC00008BD00BFAC54002008B50248FAF75DFEAF
:108AD00008BD00BFAC54002008B50248FAF755FEA7
:108AE00008BD00BF6446002008B50248FBF7D6FD6C
:108AF00008BD00BF5050002008B50248FBF7CEFD6E
:108B000008BD00BFDC55002008B50348FAF73DFE5C
:108B10000248FAF73AFE08BD244600208C56002091
:108B200008B50248FAF731FE08BD00BF2446002010
:108B300008B50348FAF729FE0248FAF726FE08BDF1
:108B4000244600204C56002008B50248FAF71DFEC6
:108B500008BD00BF2446002008B50248FAF715FEFC
:108B600008BD00BFF04E002008B50248FAF70DFE20
:108B700008BD00BFB85A002008B50248F8F74AFD02
:108B800008BD00BF904F002010B40F4AD2F88830C3
:108B900043F47003C2F888300C4B196841F00101AE
:108BA0001960002098601C68094921401960094932
:108BB0005960196821F480211960D8604FF0006372
:108BC00093605DF8044B704700ED00E00038024010
:108BD000FFFFF6FE1030002430B400231C461A4676
:108BE00006E0C55C2A44D2B21444E4B201339BB21D
:108BF0008B42F6D342EA042030BC7047F8B500AF90
:108C000016461C460F3323F00703ADEB030DB523C7
:108C10008DF8003062238DF801308DF802008DF858
:108C20000310A5B2ADF80450224631460DF10600FE
:108C300005F050FE291D89B20DF10200FFF7CCFFAF
:108C400006342DF8040005F10802FF2392B26946AC
:108C50000248FBF720FCBD46F8BD00BFDC550020F4
:108C600030B58DB02B4C2368ADF82C301B0C8DF833
:108C70002E306368ADF828301B0C8DF82A30A368BD
:108C8000ADF824301B0C8DF82630E368ADF82030A9
:108C90001B0C8DF8223004F1100393E803000690BA
:108CA000ADF81C1001AD18340FCC0FC523682B6034
:108CB0000A20F8F711FB142301AA00210620FFF770
:108CC0009DFF15484FF4E1334360FBF7C4FFC82014
:108CD000F8F702FB03230BAA01210620FFF78EFF02
:108CE00003230AAA01210620FFF788FF032309AA0C
:108CF00001210620FFF782FF032308AA0121062095
:108D0000FFF77CFF062306AA08211846FFF776FF27
:108D10000DB030BD440A0108DC5500200000000001
:108D200038B504460D464868F7F7C4FB10A3D3E9ED
:108D30000023F7F729FCC4E90001A868F7F7BAFB9C
:108D40000BA3D3E90023F7F71FFCC4E9020128694C
:108D5000F7F7B0FBC4E904016869F7F79BFBC4E9C6
:108D60000601A869F7F796FBC4E90801204638BD5B
:108D700048AFBC9AF2D77A3E0A790270CA6842605C
:108D8000704700000000000010B58CB00446408918
:108D9000F7F780FB0EA3D3E90023F7F7F5FBCDE946
:108DA0000401A089F7F776FB09A3D3E90023F7F7BD
:108DB000EBFBCDE9060104AB0FCB0CAC04E90F00D3
:108DC0009DED080B9DED0A1B0CB010BDAFF30080AC
:108DD0007B14AE47E17A843F38B504460D464868B7
:108DE000F7F768FBC4E90001A868F7F763FBC4E97B
:108DF0000201E868F7F75EFBC4E904012869F7F7A8
:108E000049FBC4E906016869F7F744FBC4E90801B6
:108E1000A869F7F74FFB0CA3D3E90023F7F7B4FBDE
:108E2000C4E90A01E869F7F735FBC4E90C01286ACF
:108E3000F7F730FB04A3D3E90023F7F7A5FBC4E958
:108E40000E01204638BD00BFF168E388B5F8E43E66
:108E50002DE9F0439BB007460E46904600240FE0F4
:108E6000864A127892B9854B01221A7006E0622B6D
:108E70001CD00022814B1A7001225A700134A4B216
:108E8000B44280F0F8803B5DB52BE9D07B4A127884
:108E9000012AECD0022AF1D1784A5278013A042A08
:108EA000ECD8DFE802F0050A113A4B000222E1E7B4
:108EB000724A937002235370E0E7704AD370032321
:108EC000537002239380D9E76C4A9288022A22D0F9
:108ED0001B021BB26949C88803439BB2CB80013A8D
:108EE00092B28A80002AC9D10A4604215170938027
:108EF000B3F5FA7FC2D9134600225A701A70DA808D
:108F00001A815A8901325A81B8F8803043F010032F
:108F1000A8F88030B2E71BB2DCE75848C1880431BA
:108F20008288891A01440B73531E9BB28380002BE5
:108F3000A4D105224270022282809FE74F4A928884
:108F4000022A2ED01D022DB24C490B891D43ADB211
:108F50000D81531E9BB28B80002B8FD108468B78DE
:108F60000B7391F8039081F80D90C98881730B0AF7
:108F7000C373043189B20C30FFF72EFE854212D044
:108F80003E4A538901335381B8F8803043F01003CF
:108F9000A8F88030394B00225A701A70DA801A8192
:108FA0006CE71DB2D0E7A9F10209B9F1100F20D882
:108FB000DFE809F00926381F1F1F1F1F1F1F1F1F73
:108FC0001F1F1F1F46002E4910A8FFF7A9FEC44609
:108FD00010AD0FCDACE80F000FCDACE80F0095E859
:108FE00003008CE80300B8F8803043F00103A8F8D0
:108FF0008030224AB2F800320133A2F80032C9E7C9
:1090000010AD1F492846FFF7B7FE08F1280395E881
:10901000030083E80300B8F8803043F00203A8F8A7
:109020008030E6E71648FFF7AFFE88ED0C0B88EDC1
:109030000E1BB8F8803043F00403A8F88030D8E75E
:109040000F496846FFF7C8FE08F1400C6D460FCD8A
:10905000ACE80F000FCDACE80F000FCDACE80F006F
:1090600095E80F008CE80F00B8F8803043F0080353
:10907000A8F88030BDE71BB0BDE8F083A841002010
:10908000B84100200000000030B4002309E0D800FF
:109090001B490144D1E900451A4A0244C2E900458E
:1090A0000133032BF3DD174B0FA1D1E90001C3E915
:1090B00008010FA1D1E90001C3E90A010EA1D1E91C
:1090C0000001C3E90C01002209E00E4B03EBC203CF
:1090D00000200021C3E90E01C3E914010132022A74
:1090E000F3DD30BC704700BF1F85EB51B89E2340B5
:1090F0007B14AE47E17A843F9A9999999999B93F3F
:10910000700A0108B043002038B505460C464822D5
:109110000021204605F0E9FB002308E004EB4312A0
:1091200005EBC301D1E90001C2E900010133022BC3
:10913000F4DD38BD2DE9F04F2DED0E8B97B0834651
:109140008A464822014604A805F0C4FBDBE9002357
:10915000144623F00045DBE90289CDF8008029F0B0
:1091600000430193DBE90467029627F00043039371
:10917000DDE9002320462946F7F778FC08B3DDE94E
:109180000223DDE90001F7F78FFCD0B1CDE90489B6
:10919000DBE90023CDE90623DBE90823CDE90A2337
:1091A000DBE90623CDE90C23DBE90E23CDE910230F
:1091B000DBE90C23CDE912234FF0060B0024032535
:1091C00022E0DDE9022320462946F7F74FFC00287C
:1091D00000F09281CDE90467DBE90023CDE90823A3
:1091E000DBE90A23CDE90A23DBE90623CDE90E23D7
:1091F000DBE91023CDE91023DBE90C23CDE91423AF
:109200004FF0000B032406259DED04DB53EC1D2BD2
:10921000DDE90601F7F7E2FA41EC1E0BCDE90601A4
:1092200053EC1D2BDDE90801F7F7D8FA41EC180BD8
:10923000CDE908019DED0ACB53EC1E2B51EC1C0B24
:10924000F7F7A2F902460B46DDE90C01F6F7E4FF59
:1092500006460F46CDE90C6753EC182B51EC1C0B5E
:10926000F7F792F902460B46DDE90E01F6F7D4FF57
:1092700080468946CDE90E899DED10BB53EC1E2B2F
:1092800051EC1B0BF7F780F902460B46DDE91201A2
:10929000F6F7C2FF41EC190BCDE9120153EC182B84
:1092A00051EC1B0BF7F770F902460B46DDE9140190
:1092B000F6F7B2FF41EC1A0BCDE91401404629F054
:1092C0000041324627F00043F7F7EEFB70B18DED19
:1092D000068B8DED08EBCDE90C89CDE90E678DEDA0
:1092E00012AB8DED149B23465C469B469DED0CAB6B
:1092F00053EC1A2BDDE90E01F7F770FA8046894628
:109300009DED127B8DED007B02460B4651EC170B59
:10931000F7F73AF902460B46DDE91401F6F77CFF50
:10932000CDE90201DDE9066742464B463046394643
:10933000F7F72AF9DDE90823F6F76EFFDDE90223E6
:10934000F7F74CFA41EC180B02460B46DDE9000139
:10935000F7F71AF902460B4630463946F6F75EFF34
:1093600002460B46104603F1004153EC1A2BF7F767
:1093700035FA41EC190B02460B4651EC1C0BF7F782
:1093800003F902460B4600205E49F6F745FF064604
:109390000F4653EC182B51EC1B0BF7F7F5F8024670
:1093A0000B4630463946F6F737FF0AEBC50653EC55
:1093B0001D2BF7F713FAC6E900016B1C0AEBC30378
:1093C00083ED009B02350AEBC50585ED008B404619
:1093D00009F10041DDE90223F7F700FA80468946EA
:1093E00002460B46DDE90001F7F7CEF802460B46D0
:1093F00000204449F6F710FF53EC1A2BF7F7EEF96B
:1094000041EC190B9DED0A8B02460B4651EC180BF3
:10941000F7F7BAF806460F469DED10BB42464B469D
:1094200051EC1B0BF7F7B0F802460B4630463946B5
:10943000F6F7F4FE02460B46104603F10041DDE963
:1094400004670AEBC40532463B46F7F7C7F9C5E99E
:109450000001631C0AEBC30383ED009B02340AEB9B
:10946000C404C4E90089DDE9022300202549F7F797
:10947000B5F980468946DDE90034184604F100411B
:1094800042464B46F7F780F853EC1A2BF7F7A6F94C
:1094900041EC190B02460B4651EC180BF7F774F828
:1094A00004460D4642464B4651EC1B0BF7F76CF851
:1094B00002460B4620462946F6F7B0FE02460B460A
:1094C000104603F100410AEBCB0432463B46F7F766
:1094D00085F9C4E900010BF101030AEBC30383ED35
:1094E000009B0BF102030AEBC303C3E9008917B029
:1094F000BDEC0E8BBDE8F08F4FF0060B032400256A
:1095000082E600BF0000F03FF8B52DED028B41EC84
:10951000180B14461D4641EC100B02F081F828B1DF
:10952000394BD3E90001BDEC028BF8BD45EC104B83
:1095300002F076F80028F3D1B0EE480AF0EE680A9F
:1095400002F050F890B90022002320462946F7F790
:1095500083FA002845D00022002351EC180BF7F7BE
:10956000A3FA80B324A1D1E90001DCE745EC104B5C
:1095700002F038F80028E6D00022002351EC180B46
:10958000F7F792FAC8B101260022002320462946A7
:10959000F7F78AFAA0B101273046F6F78BFF0446A9
:1095A0000D463846F6F786FF41EC110B45EC104BA3
:1095B00002F05EFE51EC100BB5E74FF0FF36E3E72B
:1095C0004FF0FF37E8E70022002351EC180BF7F7C4
:1095D0004DFA10B900200021A5E709A1D1E9000149
:1095E000A1E745EC114BB0EE480AF0EE680A02F034
:1095F0003FFE51EC100B96E7182D4454FB21F93F28
:10960000182D4454FB21F9BF085B00200000000026
:109610002DE9F04F2DED0E8BADF29C4D00900B918E
:1096200014460C939E4B93F86830002B40F0D58283
:10963000B0EE40AAF0EE60AA994B012283F86820B0
:10964000002309E00DF5936202EBC3028EA1D1E97C
:10965000000142E906010133022BF3DD91490DF5CA
:109660009060FFF751FD002309E00DF5936202EBD6
:10967000C30287A1D1E9000142E906010133022BAF
:10968000F3DD89490DF59060FFF73EFD0B9DD5E9AF
:109690000423104603F10041D5E90223FFF734FF0C
:1096A000DDF80035C3E90001D5E9008995ED027BBD
:1096B0008DED027B53EC172B17EE100A1946F6F7C7
:1096C00063FF06460F4695ED047B8DED027B53EC60
:1096D000172B17EE100A1946F6F756FF02460B46EF
:1096E00030463946F6F79AFD41EC100B02F060FF68
:1096F00053EC102B40464946F7F770F841EC100B3D
:1097000002F03EFBB0EE408AF0EE608ADDF8FC34F9
:1097100083ED000B02F04CFD59EC108BB0EE480AC3
:10972000F0EE680A02F0D8FC8DED060B009DD5E93D
:1097300000ABDDF8003593ED009BB0EE490AF0EE8A
:10974000690A02F035FD53EC102B8DED020B5046EB
:109750005946F6F719FF42464B46F6F715FF0646FF
:109760000F46DDE90623D5E90401F6F70DFF0246B1
:109770000B4630463946F6F74FFD06460F46424641
:109780004B46CDE9088940464946F6F7FDFE0246BC
:109790000B46DDE90201F6F7F7FE3FA3D3E900230C
:1097A000F6F7F2FE80468946B0EE4A0AF0EE6A0A03
:1097B00002F0FEFC52EC101B8DED040B134610EE74
:1097C000102A40464946F6F7DFFE02460B46304671
:1097D0003946F6F721FDCDE90E01DDE906562A46A8
:1097E000334628463146F6F7CFFE02460B46DDE902
:1097F0000201F6F7C9FE28A3D3E90023F6F7C4FE59
:1098000002460B46DDE90401F6F7BEFE80468946B6
:10981000B0EE490AF0EE690A02F05EFC56EC105B0D
:109820008DED020B10EE102A334650465946F6F7DE
:10983000ABFE06460F46DDE90823DDE90201F6F737
:10984000A3FE15A3D3E90023F6F79EFE02460B46BE
:10985000DDE90401F6F798FE02460B46304639462C
:10986000F6F7DAFC06460F4642464B46DDE90E01A6
:10987000F6F7D2FC32463B46FFF746FEDDF8F834F9
:10988000C3E90001002319E05F100D65A392A93E12
:109890009A9999999999A93F65DB57D1A71D133FCB
:1098A000B04300202044002068440020DF4A02EB3F
:1098B000C30200200021C2E940010133032BF5DD82
:1098C000DDF8F834D3E900890022D94B40464946F7
:1098D000F6F75AFE41EC1A0B41EC100B02F0FCFBC0
:1098E00057EC106BDDF8FC34D3E900AB0022D04B11
:1098F00050465946F6F748FE41EC190B41EC100B67
:1099000002F0EAFB53EC102B30463946F6F73CFEEA
:1099100006460F46DDF8003593ED00BB0022C44B30
:1099200051EC1B0BF6F730FE41EC180B41EC100B21
:1099300002F0D2FB53EC102B30463946F6F724FEEA
:10994000CDE90201B0EE4A0AF0EE6A0A02F030FCFC
:1099500057EC106BB0EE490AF0EE690A02F028FCF1
:1099600053EC102B30463946F6F70EFE06460F46EE
:10997000B0EE480AF0EE680A02F01AFC53EC102B25
:1099800030463946F6F700FE02460B46DDE9020195
:10999000F6F744FCA54DC5E940010022A44B404622
:1099A0004946F6F7F1FD41EC1A0B41EC100B02F0C1
:1099B00093FB57EC106B00229D4B50465946F6F72F
:1099C000E3FD41EC190B41EC100B02F085FB53EC6D
:1099D000102B30463946F6F7D7FD06460F460022D3
:1099E000934B51EC1B0BF6F7CFFD41EC180B41EC00
:1099F000100B02F0DDFB53EC102B30463946F6F726
:109A0000C3FDCDE90201B0EE4A0AF0EE6A0A02F0A7
:109A1000CFFB57EC106BB0EE490AF0EE690A02F08A
:109A2000C7FB53EC102B30463946F6F7ADFD064622
:109A30000F46B0EE480AF0EE680A02F04DFB53EC18
:109A4000102B30463946F6F79FFD02460B46DDE9FE
:109A50000201F6F7E1FBC5E942010022744B4046E2
:109A60004946F6F791FD41EC1A0B41EC100B02F060
:109A700033FB57EC106B00226D4B50465946F6F7FE
:109A800083FD41EC190B41EC100B02F091FB53EC00
:109A9000102B30463946F6F777FD06460F46002272
:109AA000634B51EC1B0BF6F76FFD41EC180B41ECCF
:109AB000100B02F07DFB53EC102B30463946F6F7C5
:109AC00063FDCDE90201B0EE4A0AF0EE6A0A02F047
:109AD0006FFB57EC106BB0EE490AF0EE690A02F02A
:109AE000FBFA53EC102B30463946F6F74DFD06468F
:109AF0000F46B0EE480AF0EE680A02F0EDFA53ECB9
:109B0000102B30463946F6F73FFD02460B46DDE99D
:109B10000201F6F781FBC5E944010022444B4046AF
:109B20004946F6F731FD41EC180B41EC100B02F001
:109B3000D3FA57EC106B00223D4B50465946F6F7CE
:109B400023FD41EC190B41EC100B02F031FB53ECFF
:109B5000102B30463946F6F717FD06460F46002211
:109B6000334B51EC1B0BF6F70FFD41EC1A0B41EC9C
:109B7000100B02F0B1FA53EC102B30463946F6F7D1
:109B800003FD06460F46B0EE480AF0EE680A02F002
:109B90000FFB59EC108BB0EE490AF0EE690A02F0A7
:109BA0009BFA53EC102B40464946F6F7EDFC8046F5
:109BB0008946B0EE4A0AF0EE6A0A02F0F9FA53EC6E
:109BC000102B40464946F6F7DFFC02460B4630466E
:109BD0003946F6F723FBC5E94601144BD3E90AAB36
:109BE00052465B46009DD5E90001F6F7CDFC804664
:109BF00089460DF58D63C3E90089D5E902235046F6
:109C00005946F6F7C1FC06460F460DF58E63C3E9CB
:109C10000067D5E9042350465946F6F7B5FC0DF523
:109C20008F63C3E900010022002303E0B04300205A
:109C30000000E03FCDE9FA23C24609F1004B0DF5E3
:109C40008165C5E900AB06EE106A07F1004506EE36
:109C5000905A0DF5856585ED006B07EE100A01F150
:109C6000004507EE905A0DF5896585ED007BCDE93D
:109C7000FC890DF58265C5E900230DF58665C5E90A
:109C800000010DF58A6585ED006BCDE9FE670DF5E8
:109C9000836585ED007B0DF58765C5E900230DF52E
:109CA0008B65C5E900890DF58065C5E900010DF5F5
:109CB0008461C1E900670DF58861C1E900AB0DF56C
:109CC0008C61C1E900234FF0000832E008EB850108
:109CD0000DF5936303EBC1011A4B03EBC503D3E905
:109CE000402351E92C01F6F74FFC02460B46304663
:109CF0003946F6F793FA06460F460135032DE5DDA2
:109D00004FEAC8050F4B2B44D3E940AB00220E4B62
:109D100030463946F6F738FC02460B46504659465F
:109D2000F6F77CFA0DF593631D4445E9340108F11B
:109D30000108B8F1030F03DC002500260027DDE74A
:109D400000210EE0B04300200000E03FCA000DF506
:109D50009363134453E93467C94B1344C3E9406721
:109D600001310329F2DDC64DD5E9402310461946DD
:109D7000F6F70AFC06460F46D5E942231046194677
:109D8000F6F702FC02460B4630463946F6F746FA2D
:109D900006460F46D5E9442310461946F6F7F4FB6C
:109DA00002460B4630463946F6F738FA06460F4665
:109DB000D5E9460102460B46F6F7E6FB02460B469E
:109DC00030463946F6F72AFA41EC100B02F0F0FB68
:109DD00057EC106BA8A3D3E9002310EE100A394604
:109DE000F6F762FE002840F04181A54DD5E94067B5
:109DF00032463B4630463946F6F7C6FB8046894632
:109E0000D5E942AB52465B4650465946F6F7BCFB95
:109E1000CDE90E0102460B46CDE908894046494688
:109E2000F6F7FCF98046894695ED448B53EC182BE8
:109E300051EC180BF6F7A8FB0A460146CDE90212D1
:109E40001346024640464946F6F7E6F980468946FB
:109E500095ED469B53EC192B51EC190BF6F794FB3F
:109E60000A460146CDE904121346024640464946D9
:109E7000F6F7D2F941EC1B0BCDE9E00153EC182BBE
:109E800050465946F6F780FB8046894653EC192B1D
:109E900030463946F6F778FBCDE9100102460B460D
:109EA00040464946F6F7B8F902460B46F6F7B6F9CA
:109EB000CDE9E60153EC192B50465946F6F764FB01
:109EC000CDE9060153EC182B30463946F6F75CFB1A
:109ED000CDE9120102460B46DDE90601F6F79EF9CF
:109EE00002460B46F6F79AF9CDE9EC01DDE91023BD
:109EF00040464946F6F792F902460B46F6F78EF9C8
:109F000080468946CDE9E289DDE90E23DDE90801D5
:109F1000F6F782F9CDE90E0102460B46DDE90201B2
:109F2000F6F77CF9DDE90423F6F776F941EC1D0B31
:109F3000CDE9E80153EC192B51EC180BF6F724FB93
:109F4000CDE9080152465B4630463946F6F71CFB20
:109F500006460F4602460B46DDE90801F6F75CF9B6
:109F600002460B46F6F75AF941EC1C0BCDE9EE011F
:109F7000DDE91223DDE90601F6F74EF902460B464C
:109F8000F6F74CF982468B46CDE9E4AB32463B46C8
:109F9000DDE90801F6F742F902460B46F6F73EF90D
:109FA000CDE9EA01DDE90223DDE90E01F6F734F936
:109FB00002460B46DDE90401F6F730F9CDE9F00180
:109FC00053EC1D2B51EC1D0BF6F7DEFA06460F463F
:109FD00053EC1C2B51EC1C0BF6F7D6FA02460B4641
:109FE00030463946F6F71AF941EC100B02F0E0FA68
:109FF00053EC102B40464946F6F7F0FB41EC100BB2
:10A0000001F0BEFEDDF8FC3483ED000B53EC1D2B9C
:10A0100051EC1C0BFFF778FA024601F10043DDF822
:10A020000015C1E9002353EC1B2B50465946FFF79E
:10A030006BFA41EC180BDDF8F834C3E900010C9B16
:10A04000002B01F05A82002739E00D4D05EBC805C1
:10A0500032463B46D5E94001F6F7C0FBC5E9400171
:10A0600008F10108B8F1030FEFDDBEE64FF000087C
:10A07000F8E700BFAFF3008048AFBC9AF2D77A3E52
:10A08000B043002007EB47012944E0AB03EBC101DB
:10A0900004EBC503D3E90023D1E90001F6F774FA14
:10A0A000DAAB03EBC70602460B46D6E90001F6F72A
:10A0B000B5F8C6E900010135022DE3DD0137022FB5
:10A0C00008DCDAAB03EBC70300200021C3E9000181
:10A0D0000025F1E7DDF8FC3493ED009BB0EE490A72
:10A0E000F0EE690A01F0F8FF57EC106B009D95ED5A
:10A0F00002BB94ED04EBDDF8003593ED00ABB0EE60
:10A100004A0AF0EE6A0A02F053F859EC108BB0EEEE
:10A11000480AF0EE680A02F04BF851EC100B8DED96
:10A12000080B10EE102A0B46CDE906894046494639
:10A13000F6F72AFA0A460146CDE9101213460246FE
:10A14000B046B94630463946F6F71EFA02460B4687
:10A1500051EC1E0BF6F718FA06460F46D4E900AB91
:10A16000B0EE480AF0EE680A01F0B6FF52EC101BA0
:10A170008DED0C0B134610EE102ADDE90601F6F703
:10A1800003FACDE9120102460B46CDE904894046A7
:10A190004946F6F7F9F902460B4650465946F6F796
:10A1A000F3F902460B4630463946F6F737F80646CD
:10A1B0000F4694ED028BB0EE490AF0EE690A01F009
:10A1C000F7FF54EC103B8DED020B10EE102A2346E6
:10A1D00051EC180BF6F7D8F902460B46DDE90601FB
:10A1E000F6F7D2F902460B4630463946F6F716F82E
:10A1F00007468846CDE91A7802460B4651EC1B0B00
:10A20000F6F7C2F980468946009595ED049BB0EEBD
:10A210004A0AF0EE6A0A01F05FFF57EC106B8DED11
:10A220000E0A07F100420F92DDE90E23DDE9080175
:10A23000F6F7AAF904460D46CDE91C4502460B4641
:10A24000DDE90401F6F7A0F902460B4651EC1E0BBE
:10A25000F6F79AF904460D4632463B46DDE90C0115
:10A26000F6F792F902460B46CDE91423DDE9040125
:10A27000F6F78AF902460B4650465946F6F784F936
:10A2800002460B4620462946F5F7C6FF04460D4612
:10A2900032463B4651EC180BF6F776F902460B4670
:10A2A000DDE90201F6F770F902460B462046294621
:10A2B000F5F7B2FF04460D46CDE91E4502460B46B2
:10A2C00051EC190BF6F760F902460B464046494639
:10A2D000F5F7A2FFDFF8488898ED08AB53EC1A2B8E
:10A2E000F6F77CFA02460B46DDE90401F5F796FF26
:10A2F000CDE9C801DDE90623144603F100452246F5
:10A300002B46DDE90C01F6F73FF9CDE9160132469F
:10A310003B46DDE90801F6F737F90A460146CDE983
:10A32000201213460246DDE90201F6F72DF90A462E
:10A330000146CDE9221213460246DDE91601F5F782
:10A340006DFF02460B4651EC1E0BF6F71DF9CDE9E9
:10A350001601DDE91423DDE90201F6F715F90A46D5
:10A360000146CDE9181213460246DDE91001F5F762
:10A3700055FF02460B4650465946F6F705F9024688
:10A380000B46DDE91601F5F749FFCDE9240153EC51
:10A39000182BDDE90401F6F7F7F80A460146CDE986
:10A3A00026121346024630463946F6F7EDF80646C1
:10A3B0000F46CDE9286702460B46DDE92401F5F793
:10A3C0002BFF02460B4651EC1B0BF6F7DDF8CDE9EF
:10A3D0002401DDE9026732463B46DDE91001F6F76C
:10A3E000D3F802460B46DDE91401F5F717FF0A46DC
:10A3F0000146CDE914121346024651EC1E0BF6F746
:10A40000C3F8CDE92A01CDE9026732463B46DDE9D2
:10A410001201F6F7B9F806460F4602460B46DDE98B
:10A420002001F5F7F9FE02460B4650465946F6F76D
:10A43000ABF802460B46DDE92A01F5F7EDFECDE962
:10A44000200153EC182BDDE90601F6F79DF80246D2
:10A450000B46DDE90401F6F797F802460B46DDE905
:10A460002001F5F7D9FE0A460146CDE92012134630
:10A47000024651EC190BF6F787F802460B46DDE968
:10A480002401F5F7C9FE53EC1A2BF6F7A7F9CDE92D
:10A49000CE0132463B46DDE91C01F5F7BFFE024620
:10A4A0000B4651EC1E0BF6F76FF806460F46DDE93A
:10A4B000142350465946F6F767F802460B463046D5
:10A4C0003946F5F7A9FE06460F46CDE91467024660
:10A4D0000B4651EC1B0BF6F757F806460F46DDE925
:10A4E0000801024601F10043DDE90601F6F74CF8E8
:10A4F000DDE91823F5F790FE02460B4651EC1E0BE2
:10A50000F6F742F8CDE91C01DDE92223DDE912016D
:10A51000F5F782FE02460B4650465946F6F734F8E8
:10A5200002460B46DDE91C01F5F776FE0A460146B8
:10A53000CDE912121346024651EC190BF6F724F836
:10A5400002460B4630463946F5F766FE53EC1A2BA9
:10A55000F6F744F9CDE9D401DDE90E23DDE9020186
:10A56000F6F712F806460F46DDE90C235046594629
:10A57000F6F70AF802460B46DDE90201F6F704F8A1
:10A5800002460B46DDE92601F5F746FECDE91C0142
:10A59000DDE9022351EC1E0BF5F7F6FF02460B46F0
:10A5A000DDE90801F5F7F0FF02460B46DDE91C0185
:10A5B000F5F732FE0A460146CDE91C121346024663
:10A5C00051EC190BF5F7E0FFCDE92201009B93ED6B
:10A5D000008B53EC182BDDE91A01F5F7D5FF024685
:10A5E0000B46DDE92201F5F717FE53EC1A2BF6F7BF
:10A5F000F5F802460B4630463946F5F70FFECDE931
:10A60000CA0122462B46DDE90401F5F7BDFF0446E9
:10A610000D46DDE91823DDE91001F5F7FDFD0246E1
:10A620000B4650465946F5F7AFFF02460B46DDE9AB
:10A630001601F5F7F3FDDDE92823F5F7EDFD0246F8
:10A640000B4651EC180BF5F79FFF53EC1A2BF6F75E
:10A65000C5F802460B4620462946F5F7DDFDCDE953
:10A66000D00156460BF1004752463B46DDE90C014E
:10A67000F5F78AFF02460B46DDE902AB5046594624
:10A68000F5F782FF04460D4653EC1E2BDDE904016D
:10A69000F5F77AFF02460B46DDE90C01F5F774FF8A
:10A6A0000A460146CDE902121346024620462946D3
:10A6B000F5F7B4FD02460B4651EC190BF5F764FFB4
:10A6C00004460D4653EC182BDDE91401F5F75CFF49
:10A6D00002460B4620462946F5F79EFD53EC1A2B01
:10A6E000F6F77CF8CDE9D60152465B46DDE9060176
:10A6F000F5F74AFF04460D4653EC182BDDE91E0121
:10A70000F5F742FF82468B46DDE91C2351EC1B0B1B
:10A71000F5F73AFF02460B4650465946F5F77CFDE1
:10A7200053EC1A2BF6F75AF802460B4620462946F8
:10A73000F5F774FDCDE9CC01DDE90E23DDE9049ADE
:10A7400048465146F5F720FF04460D4653EC182BBA
:10A75000DDE92001F5F718FF53EC1A2BF6F73EF868
:10A7600002460B4620462946F5F758FDCDE9D201B1
:10A7700053EC182BDDE91201F5F706FF04460D46F0
:10A7800032463B46DDE90801F5F7FEFE02460B4680
:10A7900048465146F5F7F8FE02460B46DDE9020150
:10A7A000F5F73CFD02460B4651EC1B0BF5F7ECFEB2
:10A7B00002460B4620462946F5F72EFD53EC1A2B90
:10A7C000F6F70CF8CDE9D801D8E902670B9B93EDB9
:10A7D000007B8DED027B53EC172B17EE100A194608
:10A7E000F5F7D2FE04460D460B9A92ED027B8DEDF5
:10A7F000027B53EC172B17EE100A1946F5F7C4FE2F
:10A8000002460B4620462946F5F708FD04460D464C
:10A810000B9A92ED047B8DED027B53EC172B17EE18
:10A82000100A1946F5F7B0FE02460B4620462946A7
:10A83000F5F7F4FC41EC100B01F0BAFE0022B74B27
:10A8400051EC100BF5F7E8FC044621F00045D8E97F
:10A8500006AB02462B4650465946F6F725F968B333
:10A8600098ED008B53EC182BD8E90201F5F7D4FCD6
:10A8700006460F46D8E9048942464B46504659469B
:10A88000F5F7CAFC02460B4630463946F5F7A6FFF7
:10A8900006460F4642464B4620462946F5F7BCFC85
:10A8A00002460B4630463946F5F76EFE02460B4629
:10A8B00051EC180BF5F7B2FC06460F460DF58D630B
:10A8C000C3E900670DF58E63C3E900670DF58F637B
:10A8D000C3E9006748220021B6A804F006F8002367
:10A8E0000BE00DF5936202EBC30252E90C01B6AA2C
:10A8F00002EB4312C2E900010133022BF1DD002516
:10A900000BE0874C04EBC504D4E91C23D4E92E01E9
:10A91000F5F784FCC4E92E010135082DF1DD00278F
:10A920005BE008EB4803DA197D4901EBC2012B44D7
:10A93000C8AA02EBC303D3E90023D1E92E01F5F73E
:10A9400023FE92AB03EBC40902460B46D9E9000192
:10A95000F5F764FCC9E9000108F10108B8F1020F3C
:10A96000DFDDA4AB03EBC40300200021C3E9000139
:10A970004FF000081DE008EB48013944C8AB03EB79
:10A98000C10106EB0802664B03EBC203D3E92E2399
:10A99000D1E90001F5F7F8FDA4AB03EBC4090246C9
:10A9A0000B46D9E90001F5F739FCC9E9000108F1C6
:10A9B0000108B8F1020FDEDD0135022D0CDC05EBDC
:10A9C0004506F41992AB03EBC40300200021C3E950
:10A9D00000014FF00008C1E70137022F01DC00251C
:10A9E000EBE74FF0000834E006EB460303EB080109
:10A9F000A4AA02EBC1013B44C8AA02EBC303D3E9FA
:10AA00000023D1E90001F5F7BFFD02460B462046C1
:10AA10002946F5F703FC04460D460136022EE3DD18
:10AA200007EB47064644F600B6AB991922462B467B
:10AA3000D1E90001F5F7F2FB80AB1E44C6E9000145
:10AA40000137022F03DC002600240025E6E708F189
:10AA50000108B8F1020F01DC0027F2E76EA980A817
:10AA6000FEF768FB00272FE004EB4401394492AB6A
:10AA700003EBC10108EB04036EAA02EBC303D3E9A5
:10AA80000023D1E90001F5F77FFD5CAB03EBC609BC
:10AA900002460B46D9E90001F5F7C0FBC9E9000100
:10AAA0000134022CE0DD0135022D0CDC05EB4508FC
:10AAB00008EB07065CAB03EBC60300200021C3E9EB
:10AAC00000010024EDE70137022F01DC0025EBE750
:10AAD0004822002192A803F008FF002307E092AA71
:10AAE00002EB431200200D49C2E900010133022BA1
:10AAF000F5DD482200216EA803F0F7FE002307E0F1
:10AB00006EAA02EB431200200449C2E9000101339E
:10AB1000022BF5DD4FF000083AE000BF0000F03FE7
:10AB2000B043002006EB460141445CAB03EBC1019E
:10AB300007EB47033344C8AA02EBC303D3E900235E
:10AB4000D1E90001F5F720FD02460B4620462946D3
:10AB5000F5F764FB04460D460136022EE2DD07EBF5
:10AB600047064644F60092AB991922462B46D1E996
:10AB70000001F5F751FB4AAB1E44C6E9000101375D
:10AB8000022F03DC002600240025E6E708F1010877
:10AB9000B8F1020F01DC0027F2E700272FE004EBF9
:10ABA000440139444AAB03EBC10108EB04028A4B70
:10ABB00003EBC203D3E92E23D1E90001F5F7E4FC4E
:10ABC00038AB03EBC60902460B46D9E90001F5F79D
:10ABD00025FBC9E900010134022CE0DD0135022D1D
:10ABE0000CDC05EB450808EB070638AB03EBC603A6
:10ABF00000200021C3E900010024EDE70137022F06
:10AC000001DC0025EBE700273AE006EB4601414472
:10AC10005CAB03EBC10107EB47033344C8AA02EB6B
:10AC2000C303D3E90023D1E90001F5F7ADFC0246E7
:10AC30000B4620462946F5F7F1FA04460D46013643
:10AC4000022EE2DD07EB470141446EAB03EBC1018D
:10AC500008EB4803DE1922462B46D1E90001F5F73F
:10AC6000DBFA80AB03EBC603C3E9000108F101087E
:10AC7000B8F1020F03DC002600240025E0E70137CD
:10AC8000022F02DC4FF00008F2E700268BE008EB11
:10AC9000480131445CAB03EBC10105EB0803B6AAE4
:10ACA00002EBC303D3E90023D1E90001F5F76CFC03
:10ACB000A4AB03EBC40902460B46D9E90001F5F742
:10ACC000ADFAC9E9000108F10108B8F1020FDEDDB3
:10ACD0004AAB03EBC40300200021C3E900014FF09D
:10ACE00000081DE008EB4801314438AB03EBC1011B
:10ACF00005EB080380AA02EBC303D3E90023D1E9E3
:10AD00000001F5F741FC4AAB03EBC40902460B46D0
:10AD1000D9E90001F5F782FAC9E9000108F1010853
:10AD2000B8F1020FDEDD0137022F0CDC07EB47051F
:10AD3000AC19A4AB03EBC40300200021C3E900015C
:10AD40004FF00008C1E700251EE004EB4403991909
:10AD5000A4AA02EBC1012B445CAA02EBC303D3E912
:10AD60000023D1E90001F5F70FFCC8AB03EBC708DE
:10AD700002460B46D8E90001F5F750FAC8E9000190
:10AD80000134022CE1DD0135022D0BDC05EB45071A
:10AD90003744C8AB03EBC70300200021C3E900011F
:10ADA0000024EEE70136022E01DC0027BCE70A4B47
:10ADB000D3E90C4522462B4600200849F5F70EFD45
:10ADC000CDE9020122462B4600200549F5F706FD94
:10ADD000CDE9040100246FE0B04300200000F0BF83
:10ADE0000000F03F04EB44053544ED004AAB59192F
:10ADF000C8AB2B44D3E90023D1E90001F5F70EFAE3
:10AE0000B94B1D44C5E92E010136022EEADDB64FCD
:10AE1000E600BD1995ED148BDDE9022351EC180B0A
:10AE2000F5F7B2FB80468946D5E90EABDDE9042390
:10AE300050465946F5F7A8FB02460B4640464946A0
:10AE4000F5F7ECF9804689460DF59363334443E901
:10AE50000C89DDE9022350465946F5F795FBCDE90B
:10AE60000601DAAB1E44DDE90423D6E90001F5F75B
:10AE70008BFB02460B46DDE90601F5F7CFF9D7E972
:10AE80000A6732463B46F5F77FFB02460B465046C3
:10AE90005946F5F7C3F9C5E90E0132463B4640462F
:10AEA0004946F5F771FB02460B4651EC180BF5F7D6
:10AEB000B5F9C5E914010134022C01DC0026A4E730
:10AEC000DDF8FC3493ED008BB0EE480AF0EE680A32
:10AED00001F06EF959EC108B9DEDDE9B009E96ED16
:10AEE00002BB53EC1B2B51EC190BF5F74DFB024643
:10AEF0000B460DF58D61D1E90001F5F78FF9044698
:10AF00000D460096D6E904ABDDE9DC6732463B46E8
:10AF100050465946F5F738FB02460B46204629466F
:10AF2000F5F77AF9704BD3E9084522462B46F5F739
:10AF300055FC02460B4640464946F5F76FF9CDE908
:10AF40003201B0EE480AF0EE680A01F0C5F859EC9B
:10AF5000108BDDF8002592ED008BB0EE480AF0EE84
:10AF6000680A01F0B9F853EC102BCDE9028940468C
:10AF70004946F5F709FBCDE90401DDE9DA894246E6
:10AF80004B4650465946F5F7FFFA02460B460DF57B
:10AF90008E61D1E90001F5F741F9CDE90601009B89
:10AFA000D3E900AB52465B4651EC190BF5F7ECFACE
:10AFB00002460B46DDE90601F5F72EF922462B463F
:10AFC000F5F70CFC02460B46DDE90401F5F726F91E
:10AFD000CDE93401B0EE480AF0EE680A01F0E8F875
:10AFE00051EC100B10EE102A01F10043DDE90201D3
:10AFF000F5F7CAFACDE9000152465B4630463946BC
:10B00000F5F7C2FA02460B460DF58F61D1E9000152
:10B01000F5F704F906460F4642464B4651EC1B0B2A
:10B02000F5F7B2FA02460B4630463946F5F7F4F822
:10B0300022462B46F5F7D2FB02460B46DDE900011E
:10B04000F5F7ECF8CDE936010B99D1E90023CDE90C
:10B050002C23D1E90223CDE92E23D1E90423CDE924
:10B060003023002510E0EC002CAB191932AB23443F
:10B07000D3E90023D1E90001F5F7CEF80DF593638C
:10B080001C4444E906010135022DECDD00261FE0D9
:10B0900004EB440131445CAB03EBC1010DF5936358
:10B0A00003EBC40353E90623D1E90001F5F76CFA79
:10B0B00002460B460DF5936101EBC60555E90C01FF
:10B0C000F5F7ACF845E90C010134022CE0DD01365E
:10B0D000022E0BDC002000210DF5936303EBC60369
:10B0E00043E90C010024F0E7B04300200DF58D6327
:10B0F000D3E90023DDF8FC14D1E90001F5F78EF85F
:10B10000DDF8FC34C3E900010DF58E63D3E9004599
:10B1100053EC1D2B51EC1C0BFEF7F6F902460B46C7
:10B1200020462946F5F778F8DDF80035C3E9000137
:10B13000DDF8F834D3E900230DF58F61D1E9000182
:10B14000F5F76CF880468946DDF8F834C3E90089E4
:10B150000022ED4BF5F718FA41EC1A0B41EC100BFD
:10B1600000F0BAFF55EC104BDDF8FC3493ED00BB5A
:10B170000022E54B51EC1B0BF5F706FA41EC190BDD
:10B1800041EC100B00F0A8FF53EC102B2046294691
:10B19000F5F7FAF904460D46DDF8003593ED00CBDE
:10B1A0000022D94B51EC1C0BF5F7EEF941EC180BD2
:10B1B00041EC100B00F090FF53EC102B2046294679
:10B1C000F5F7E2F906460F46B0EE4A0AF0EE6A0AD3
:10B1D00000F0EEFF55EC104BB0EE490AF0EE690AB4
:10B1E00000F0E6FF53EC102B20462946F5F7CCF98A
:10B1F00004460D46B0EE480AF0EE680A00F0D8FFAB
:10B2000053EC102B20462946F5F7BEF902460B46B3
:10B2100030463946F5F702F841EC1E0BBB4CC4E949
:10B2200040010022B84B40464946F5F7ADF941ECE4
:10B230001A0B41EC100B00F04FFF57EC106B002283
:10B24000B14B51EC1B0BF5F79FF941EC190B41EC9D
:10B25000100B00F041FF53EC102B30463946F5F748
:10B2600093F906460F460022A74B51EC1C0BF5F74D
:10B270008BF941EC180B41EC100B00F099FF53ECEB
:10B28000102B30463946F5F77FF982468B46B0EEF3
:10B290004A0AF0EE6A0A00F08BFF57EC106BB0EE32
:10B2A000490AF0EE690A00F083FF53EC102B304698
:10B2B0003946F5F769F906460F46B0EE480AF0EE52
:10B2C000680A00F009FF53EC102B30463946F5F7B9
:10B2D0005BF902460B4650465946F4F79DFF41EC98
:10B2E0001D0BC4E942010022874B40464946F5F751
:10B2F0004BF941EC1A0B41EC100B00F0EDFE57EC52
:10B30000106B0022804B51EC1B0BF5F73DF941EC23
:10B31000190B41EC100B00F04BFF53EC102B304697
:10B320003946F5F731F906460F460022764B51ECC7
:10B330001C0BF5F729F941EC180B41EC100B00F050
:10B3400037FF53EC102B30463946F5F71DF982468E
:10B350008B46B0EE4A0AF0EE6A0A00F029FF57EC7D
:10B36000106BB0EE490AF0EE690A00F0B5FE53EC3E
:10B37000102B30463946F5F707F906460F46B0EE72
:10B38000480AF0EE680A00F0A7FE53EC102B304696
:10B390003946F5F7F9F802460B4650465946F4F798
:10B3A0003BFF82468B46C4E944AB0022564B4046E5
:10B3B0004946F5F7E9F841EC1A0B41EC100B00F0A7
:10B3C0008BFE57EC106B00224F4B51EC1B0BF5F72B
:10B3D000DBF841EC190B41EC100B00F0E9FE53ECEB
:10B3E000102B30463946F5F7CFF806460F460022B7
:10B3F000454B51EC1C0BF5F7C7F841EC180B41EC31
:10B40000100B00F069FE53EC102B30463946F5F76F
:10B41000BBF806460F46B0EE4A0AF0EE6A0A00F0A4
:10B42000C7FE59EC108BB0EE490AF0EE690A00F045
:10B4300053FE53EC102B40464946F5F7A5F88046DD
:10B440008946B0EE480AF0EE680A00F0B1FE53EC0F
:10B45000102B40464946F5F797F802460B46304612
:10B460003946F4F7DBFE06460F46C4E9466753EC5F
:10B470001E2B51EC1E0BF5F787F804460D4653ECD6
:10B480001D2B51EC1D0BF5F77FF802460B462046AD
:10B490002946F4F7C3FE04460D4652465B46504625
:10B4A0005946F5F771F802460B4620462946F4F74F
:10B4B000B5FE04460D4632463B4630463946F5F762
:10B4C00063F802460B4620462946F4F7A7FE41ECF6
:10B4D000100B01F06DF857EC106B00250BE00B4CD6
:10B4E00004EBC50432463B46D4E94001F5F776F952
:10B4F000C4E940010135032DF1DD0DF29C4DBDEC99
:10B500000E8BBDE8F08F00BF0000E03FB04300208D
:10B5100008B5082000F03AF8034B002283F86820B1
:10B52000FDF7B2FD08BD00BFB043002000000000E1
:10B530009FED010B704700BF000000000000F07F8E
:10B540009FED010A704700BF0000807F00000000EF
:10B550009FED010B704700BF000000000000F0FFEE
:10B560009FED010A704700BF000080FF000000004F
:10B570009FED010B704700BF000000000000F8FFC6
:10B580009FED010A704700BF0000C0FF08B5FFF73C
:10B59000EFFF0E4B83ED000BFFF7F2FF0C4B83ED3B
:10B5A000000AFFF7C5FF0B4B83ED000BFFF7C8FF49
:10B5B000094B83ED000AFFF7CBFF084B83ED000B2F
:10B5C000FFF7CEFF064B83ED000A08BD085B0020A5
:10B5D000F85A0020005B0020FC5A0020105B00207D
:10B5E000185B002038B555EC104B10EE102A2B4696
:10B5F0000949D1E90001F5F72FFA58B922462B463F
:10B600000649D1E90001F5F727FA08B9002002E060
:10B61000012000E0012038BD005B0020105B00200D
:10B6200008B551EC100B10EE102A0B46F5F714FA82
:10B6300008B1002008BD0120FCE770B584B00646C3
:10B6400004AC04F8011DFF250095012322463C218E
:10B65000F6F75EFB0095012322463C213046F6F7C3
:10B660001FFC9DF80F0004B070BD00B585B08DF8CB
:10B670000C108DF80D204FF47A730093022303AA67
:10B680003C21F6F745FB05B05DF804FB10B5044618
:10B690000F21FFF7D2FF492801D0002010BD002262
:10B6A0001F212046FFF7E1FF672220212046FFF7F8
:10B6B000DCFF102221212046FFF7D7FF00222221A4
:10B6C0002046FFF7D2FF002223212046FFF7CDFFBF
:10B6D000942224212046FFF7C8FF2022252120465E
:10B6E000FFF7C3FF002226212046FFF7BEFF0120FF
:10B6F000D4E70000000000002DE9F04184B00746C7
:10B700008846164604ADA82305F8013DFF240094A1
:10B7100001232A463C21F6F7FBFA0094062302AAED
:10B720003C213846F6F7BCFB9DF808009DF809302F
:10B7300040EA032000B2F4F7BDFE35A3D3E90023AD
:10B74000F4F722FFC8E900019DF80A009DF80B30CC
:10B7500040EA032000B2F4F7ADFE2DA3D3E90023A5
:10B76000F4F712FFC8E902019DF80C009DF80D30B6
:10B7700040EA032000B2F4F79DFE25A3D3E900239D
:10B78000F4F702FFC8E9040188238DF80F30009414
:10B7900001232A463C213846F6F7BAFA00940623DC
:10B7A00002AA3C213846F6F77BFB9DF808009DF87D
:10B7B000093040EA032000B2F4F77CFE16A3D3E977
:10B7C0000023F4F7E1FEC6E900019DF80A009DF8A8
:10B7D0000B3040EA032000B2F4F76CFE0EA3D3E96D
:10B7E0000023F4F7D1FEC6E902019DF80C009DF894
:10B7F0000D3040EA032000B2F4F75CFE06A3D3E963
:10B800000023F4F7C1FEC6E9040104B0BDE8F081ED
:10B81000A019C40776FC273FF168E388B5F8243FF8
:10B8200070B584B0064604AC04F8011DFF250095F0
:10B8300001232246EE21F6F76BFA009501232246FA
:10B84000EE213046F6F72CFB9DF80F0004B070BDDA
:10B8500000B585B08DF80C108DF80D204FF47A737B
:10B860000093022303AAEE21F6F752FA05B05DF821
:10B8700004FB0000000000002DE9F04389B00546FC
:10B88000D021FFF7CDFF552803D0002009B0BDE837
:10B89000F08308AFAA2307F8013DFF260096012395
:10B8A0003A46EE212846F6F733FA0096162302AA06
:10B8B000EE212846F6F7F4FA9DF808209DF80930A5
:10B8C00043EA0223B24A13809DF80A209DF80B3008
:10B8D00043EA0223AF4A13809DF80C209DF80D30F7
:10B8E00043EA0223AC4A13809DF80E209DF80F30E6
:10B8F00043EA0223A94A13809DF810209DF81130D5
:10B9000043EA0223DFF8D482A8F800309DF8122021
:10B910009DF8133043EA0223DFF8C492A9F80030FF
:10B920009DF814209DF8153043EA02239C4A1380A9
:10B930009DF816209DF8173043EA0223994A138098
:10B940009DF818209DF8193043EA0223964A138087
:10B950009DF81A209DF81B3043EA0223934A138076
:10B960009DF81C209DF81D3043EA0223904A138065
:10B970002E22F4212846FFF76BFF0520F5F7ACFCDB
:10B98000F6238DF81F30009601233A46EE21284613
:10B99000F6F7BEF90096022302AAEE212846F6F732
:10B9A0007FFA9DF808309DF8094044EA03243422C8
:10B9B000F4212846FFF74CFF0520F5F78DFC009693
:10B9C00001233A46EE212846F6F7A2F90096022313
:10B9D00002AAEE212846F6F763FA9DF808109DF8B2
:10B9E000090040EA0120B9F80030E31AB8F8002055
:10B9F00003FB02F3002BC0F29280DB136B4AB2F917
:10BA00000020D2026A49B1F90010194492FBF1F208
:10BA10001344684A1360A3F57A63674A1360614A66
:10BA2000B2F9002003FB02F202FB03F2002A7ADBE8
:10BA3000D2155849B1F9001003FB01F1002978DB58
:10BA400002EBE1225249B1F9001002EB8102911C94
:10BA500072D48910594A11604F4AB2F9002003FB91
:10BA600002F2002A6ADB52134D4CB4F9004003FB8A
:10BA700004F404FB03F3002B64DB02EB23730233B7
:10BA800064D49B104E4A136003F50043434A128866
:10BA900003FB02F3DB0B4B4A1360401A4CF25031AC
:10BAA00001FB00F1484A1160002951DB4900B1FB5C
:10BAB000F3F3464A1360454B19680B4600294DDBEA
:10BAC0001B1203FB01F3002B4BDB1A1240F6DE3393
:10BAD00003FB02F3002B46DB1B143D4A13603D4A77
:10BAE00002FB01F2002A42DB12143B4802601344BD
:10BAF00003F6CF6000283EDB01EBA000334B18605B
:10BB0000F4F7D8FC1EA3D3E90023F4F767FE9FEDFA
:10BB10001E1B41EC100B00F0AFFB0120B6E603F555
:10BB2000FF437F3369E702F5FF0202F5FF427F32F0
:10BB30007EE701F2FF7183E703318AE702F5FF52E6
:10BB40001F3290E703F18053013B96E7033398E7F8
:10BB5000B1FBF3F35B001D4A1360ACE701F1FF0397
:10BB6000AEE7FF33B1E703F57F43FF33B4E702F5F8
:10BB70007F42FF32B8E70330BEE700BFAFF300807B
:10BB800000000000D0BCF8406C45D9CC955BC83FA4
:10BB9000225B0020405B0020425B0020385B0020DD
:10BBA000545B0020445B00203A5B0020565B002081
:10BBB000205B0020345B0020285B0020585B0020C5
:10BBC000485B00204C5B0020505B00201C5B002089
:10BBD0003C5B002043E3FFFF2C5B0020305B002038
:10BBE000245B0020704710B504460068FFF744FE50
:10BBF000012801D0002010BD206800F034F8012891
:10BC000001D00020F7E72068FFF740FD0128F2D0BF
:10BC10000020F0E770B584B0064604AC04F8011DBE
:10BC2000FF25009501232246D421F6F771F80095EF
:10BC300001232246D4213046F6F732F99DF80F0051
:10BC400004B070BD00B585B08DF80C108DF80D20D6
:10BC50004FF47A730093022303AAD421F6F758F81D
:10BC600005B05DF804FB10B504460F21FFF7D2FFC5
:10BC7000D42801D0002010BD3F2220212046FFF70C
:10BC8000E1FF902223212046FFF7DCFF0120F2E7AD
:10BC900070B584B006460C4604AAA82302F8013DFC
:10BCA000FF2500950123D421F6F732F800950623ED
:10BCB00002AAD4213046F6F7F3F89DF808009DF863
:10BCC000093040EA032000B2F4F7F4FB14A3D3E9EF
:10BCD0000023F4F759FCC4E900019DF80A009DF81F
:10BCE0000B3040EA032000B2F4F7E4FB0CA3D3E9E5
:10BCF0000023F4F749FCC4E902019DF80C009DF80B
:10BD00000D3040EA032000B2F4F7D4FB04A3D3E9DA
:10BD10000023F4F739FCC4E9040104B070BD00BF8E
:10BD2000EC51B81E85EB913FDFF834D0002103E0E1
:10BD30000C4B5B58435004310B480C4B42189A4251
:10BD4000F6D30B4A02E0002342F8043B094B9A4227
:10BD5000F9D3FCF719FF02F099FDFBF755FE704788
:10BD600000000520E8110108000000201804002050
:10BD700018040020605B0020FEE7000000000000C7
:10BD80002DE9F84F55EC104BC94B25F000469E426B
:10BD9000AA4610DDC74B9E4200F3B58000F0B0808C
:10BDA000BAF1000F40F3F980A5A1D1E9000141ECFF
:10BDB000100BBDE8F88FC04B9E4200F3C380A3F187
:10BDC000DE739E4240F3A9804FF0FF3B22462B4694
:10BDD00020462946F4F7D8FB02460B4680468946A2
:10BDE000F4F7D2FB98A3D3E9002306460F46F4F7F5
:10BDF000CBFB97A3D3E90023F4F710FA32463B4676
:10BE0000F4F7C2FB94A3D3E90023F4F707FA324610
:10BE10003B46F4F7B9FB92A3D3E90023F4F7FEF90C
:10BE200032463B46F4F7B0FB8FA3D3E90023F4F787
:10BE3000F5F932463B46F4F7A7FB8DA3D3E900237F
:10BE4000F4F7ECF942464B46F4F79EFB8AA3D3E99C
:10BE500000238046894630463946F4F795FB88A38F
:10BE6000D3E90023F4F7D8F932463B46F4F78CFBCC
:10BE700085A3D3E90023F4F7CFF932463B46F4F724
:10BE800083FB83A3D3E90023F4F7C6F932463B468C
:10BE9000F4F77AFB80A3D3E90023F4F7BDF9324627
:10BEA0003B46F4F771FB02460B4640464946F4F721
:10BEB000B5F922462B46F4F767FBBBF1FF3F02467C
:10BEC0000B466ED07D4B7E4E4FEACB0B5B44D3E9E5
:10BED0000023F4F7A1F922462B46F4F79DF9B34469
:10BEE00002460B46DBE90001F4F796F9BAF1000FC0
:10BEF0000FDA01F10043194641EC100BBDE8F88F51
:10BF0000002C3FF44DAF22462B4620462946F4F73D
:10BF100085F941EC100BBDE8F88F61A3D3E900234C
:10BF200010EE100A2946F4F779F90022654BF4F770
:10BF3000BBFD00283FF448AF2046294641EC100BDA
:10BF4000BDE8F88F00F028F95F4B9E4255EC104B8E
:10BF50002FDCA3F550239E4258DC10EE102A10EE81
:10BF6000100A2B462946F4F759F90022554BF4F7ED
:10BF700053F9002206460F464FF0804320462946DB
:10BF8000F4F74CF902460B4630463946F4F726FCE6
:10BF90004FF0000B04460D4618E743A1D1E900011C
:10BFA000B7E720462946F4F737F941EC100BBDE816
:10BFB000F88F464B9E421DDC10EE100A0022444BC7
:10BFC0002946F4F729F9002206460F46404B204641
:10BFD0002946F4F7D9FA00223A4BF4F71FF9024642
:10BFE0000B4630463946F4F7F9FB4FF0020B044696
:10BFF0000D46EBE62B4610EE102A00203549F4F7EB
:10C00000EDFB4FF0030B04460D46DFE610EE100A81
:10C0100000222C4B2946F4F7FFF8002206460F4673
:10C02000284B20462946F4F7F9F802460B463046DD
:10C030003946F4F7D3FB4FF0010B04460D46C5E635
:10C04000182D4454FB21F93F11DA22E33AAD903F19
:10C05000EB0D76244B7BA93F513DD0A0660DB13F3F
:10C060006E204CC5CD45B73FFF8300922449C23FA7
:10C070000D5555555555D53F2F6C6A2C44B4A2BF6C
:10C080009AFDDE522DDEAD3F6D9A74AFF2B0B33F34
:10C09000711623FEC671BC3FC4EB98999999C93FAC
:10C0A0009C7500883CE4377E182D4454FB21F9BF71
:10C0B000FFFF0F440000F07FFFFFDB3F600D010832
:10C0C000400D01080000F03FFFFFF23FFF7F0340FB
:10C0D0000000F83F0000F0BF00B551EC100B2C4AF7
:10C0E00021F00043934285B020DD2A4A934209DDC6
:10C0F00010EE102A0B46F4F78FF841EC100B05B048
:10C100005DF804FB684601F0EFF800F00300012839
:10C1100017D002282FD028B301209DED021B9DEDE2
:10C12000000B02F025F951EC100BE6E79FED161B12
:10C1300001F0CEFB51EC100B41EC100B05B05DF89B
:10C1400004FB9DED021B9DED000B02F011F953EC79
:10C15000102B10EE100A03F1004141EC100B05B05A
:10C160005DF804FB9DED021B9DED000B01F0B0FBA3
:10C1700051EC100BC1E79DED021B9DED000B01F092
:10C18000A7FBE4E7AFF30080000000000000000020
:10C19000FB21E93FFFFFEF7F51EC100B10EE102A5F
:10C1A00021F0004343EC102B704700BF000000005B
:10C1B00000B551EC100B2C4A21F00043934285B09E
:10C1C00027DD2A4A934209DD10EE102A0B46F4F7C8
:10C1D00023F841EC100B05B05DF804FB684601F054
:10C1E00083F800F0030001281FD0022830D028B3C4
:10C1F0009DED021B9DED000B01F06AFB53EC102B33
:10C2000010EE100A03F1004141EC100B05B05DF88F
:10C2100004FB00209FED121B02F0AAF851EC100B5A
:10C2200041EC100B05B05DF804FB9DED021B9DED8C
:10C23000000B01F04DFB51EC100BCAE701209DED06
:10C24000021B9DED000B02F093F851EC100BC0E7C0
:10C2500001209DED021B9DED000B02F089F8CDE75A
:10C260000000000000000000FB21E93FFFFFEF7F1E
:10C2700000F0FAB9000000002DE9F04F2DED028B1F
:10C28000DFF824A38BB057EC106B55EC114B00F08A
:10C29000CFFA9AF90080B0EE408AF0EE608AB8F1E9
:10C2A000FF3F33D022462B4620462946F4F706FCB2
:10C2B000834658BB32463B4630463946F4F7FEFBD0
:10C2C0008146002866D13046394600220023F4F723
:10C2D000C3FB20B30022002320462946F4F7BCFB11
:10C2E000834600287DD09FEDA67B0122AA4BCDF886
:10C2F00020900092CDE90267CDE904458DED067BE3
:10C300000193B8F1000F5ED09FED9F8BB0EE480A0D
:10C31000F0EE680A0BB0BDEC028BBDE8F08FB0EE1A
:10C32000480AF0EE680A02F0EDF88046002800F0B6
:10C3300082804FF000084FF0000951EC180B424684
:10C340004B46F4F789FB0028E0D047EC106B02F075
:10C35000D9F80028DAD045EC104B02F0D3F80028C9
:10C36000D4D09AF900308C4A019204210022022B89
:10C37000CDE90267CDE90445CDE90689009108922F
:10C3800003D0684602F050F910BB02F079FA22237C
:10C3900003601DE00022002320462946F4F75CFBE1
:10C3A0000028B3D09FED788B01227B4BCDF820B0D5
:10C3B000B8F1020F0092CDE90267CDE904458DED99
:10C3C000068B0193A2D0684602F02EF9002878D09F
:10C3D000089B1BB102F054FA089B03609DED068B8D
:10C3E00094E745EC104B02F08DF800288ED0002227
:10C3F000002320462946F4F739FB002886D0664AF8
:10C400009AF90030CDF820B00121CDE90267CDE9DD
:10C410000445CDE90012002B58D060490020022BC2
:10C42000CDE9060156D102F02BFA21230360089BC7
:10C43000002BD3D0CEE747EC106B02F063F8002856
:10C440003FF477AF45EC104B02F05CF800283FF466
:10C4500070AF53EC182B18EE100A1946F4F72EFBA8
:10C460009AF9009000286FD10323DFF82CC10890BF
:10C470002946204600930022494BCDF804C0CDE95F
:10C480000445CDE90267F4F77FF804460D46B9F19B
:10C49000000F25D1DFF814914FF0604800220023EF
:10C4A00030463946CDE90689F4F7E0FA38BB6846EC
:10C4B00002F0BAF80028BAD102F0E2F922230360B0
:10C4C000B5E702F0DDF92123036081E79FED2C7BC6
:10C4D0008DED067B684602F0A7F80028A7D1A2E7F9
:10C4E0009FED2B7B00220023304639468DED067BE5
:10C4F000F4F7BCFAB0B9B9F1020FDDD0D7E745ECDB
:10C50000104B02F09DF822462B4651EC100BF4F72D
:10C51000A3FAB0B9234B9AF900904FF06042CDE9ED
:10C520000623E8E745EC104B02F08AF822462B463A
:10C5300051EC100BF4F790FA18B9184B0022CDE922
:10C5400006239AF90090D6E70122134BCDF82080FC
:10C550000092CDE90267CDE904450193B9F1000FDE
:10C56000B4D00022002310461946F4F737F9B9F188
:10C57000020FCDE906013FF456AFABE7AFF3008001
:10C580000000000000000000000000000000F03F7C
:10C59000000000000000F07F800D01080000F0FFA7
:10C5A0000000E03FFFFFEFC744020020FFFFEF471E
:10C5B0002DE9F0432DED028B8BB055EC104B01F0C3
:10C5C000BDF8274BB0EE408AF0EE608A93F9006028
:10C5D000731C12D022462B4620462946F4F76EFAE9
:10C5E000074650B94FF000084FF000092046294691
:10C5F00042464B46F4F73AFA40B9B0EE480AF0EE3C
:10C60000680A0BB0BDEC028BBDE8F0830122154B2C
:10C6100008970092CDE90445CDE90245019396B112
:10C6200042464B4640464946F4F7D8F8022ECDE93B
:10C6300006010AD102F024F921230360089B53B9B3
:10C640009DED068BD9E7CDE90689684601F0ECFF40
:10C650000028F3D1EEE702F013F9089B0360EFE73F
:10C6600044020020840D010851EC110B43422DE9D6
:10C67000F047034321F0004E6B4F4EEAD373BB42A9
:10C6800055EC104B1ED86342234325F0004A4AEA7A
:10C69000D373BB42A94615D801F1404303F580137B
:10C6A00003433DD08E1706F002065AEA040346EA19
:10C6B000D5760FD1022E52D0032E3CD148A1D1E91C
:10C6C000000103E022462B46F3F7A8FD41EC100BD6
:10C6D000BDE8F0875EEA000326D0BE452FD0BA45FC
:10C6E00022D0AAEB0E0E4FEA2E5EBEF13C0F3ADCD2
:10C6F00000293CDA1EF13C0F39DA00200021012E1E
:10C7000051D0022E42D0002EE0D037A3D3E900232F
:10C71000F3F782FD36A3D3E90023F3F77DFDD5E7D8
:10C72000BDE8F047FFF72CBBB9F1000F13DB32A1D6
:10C73000D1E90001CAE710EE100A2946C6E7F24522
:10C7400035D0022E0BD0032EB8D0012E4FF00000B2
:10C7500037D00021BAE72AA1D1E90001B6E724A128
:10C76000D1E90001B2E724A1D1E90001C7E70246FF
:10C770000B4620462946F4F731F841EC100BFFF741
:10C780000BFDFFF7FDFA51EC100BB8E716A3D3E948
:10C790000023F3F741FD02460B4615A1D1E9000144
:10C7A000F3F73AFD92E701F1004319468EE7022EB6
:10C7B00012D0032E0CD0012E06D013A1D1E9000116
:10C7C00084E74FF0004181E711A1D1E900017DE745
:10C7D00011A1D1E9000179E711A1D1E9000175E7C3
:10C7E000182D4454FB2109C0075C143326A6A13C34
:10C7F000182D4454FB210940182D4454FB21F93FC6
:10C80000182D4454FB21F9BF182D4454FB21E93F56
:10C81000182D4454FB21E9BFD221337F7CD902C0BB
:10C82000D221337F7CD902400000F07F000000005D
:10C830002DE9F04F51EC110B21F0004555EA0003B2
:10C8400093B010D059EC108B6D4B29F000449C42F2
:10C850004E4610EE10AA0DDD04F1404404F580149C
:10C8600054EA0A0356D16749002041EC100B13B07B
:10C87000BDE8F08F0F4611EE10CA48D09D42EBDCA8
:10C880005F4B9D425FD0002ECDE900015FDB4FF092
:10C89000000BBCF1000F0ED1594B9D4243D0594BB8
:10C8A0009D4200F08C80B7F1804F00F09E80564B87
:10C8B0009F4200F0B88349EC108BFFF76DFC51EC00
:10C8C000100BBAF1000F06D1002C5AD04D4B26F0B8
:10C8D00040429A4255D0F60F06F1FF3A5BEA0A034E
:10C8E00073D04A4B9D4240F3998003F104739D42FB
:10C8F00040F33884464B9C4272DD002F72DD3EA32C
:10C90000D3E9002310461946F3F73EFEADE7B8F130
:10C91000000F05D03F4813B0BDE8F04F01F088BECE
:10C92000A542F7DCACE704F1404303F5801353EA7A
:10C930000A0398D0364B9C4240F37F83002F51DB93
:10C94000DDE9000191E7BCF1000F9CD084E7324B98
:10C950009D4231DCA3F154739D4298DD2B15A3F267
:10C96000FF33142B40F3A183C3F134032CFA03F2F9
:10C9700002FA03F363458AD102F00102C2F1020B0D
:10C9800087E7002F05DA02460B4600201D49F3F722
:10C9900025FF002EBFF669AF04F1404404F5801472
:10C9A00054EA0B0300F03A84BBF1010F7FF45DAF52
:10C9B00001F10043194658E74FF0020B69E7002FD9
:10C9C000C0F24483404649464FE742464B46104634
:10C9D0001946F3F721FC02460B46F3F7FFFE44E746
:10C9E000002F8CDB002000213FE742464B464046AB
:10C9F0004946F3F7C9FD38E79C7500883CE4377E6B
:10CA00000000F07F0000F03F0000E03F0000E04148
:10CA1000FFFFEF3FD00C0108FFFF3F43B4F5801F3D
:10CA200080F260830022D04BF3F7AEFD6FF0340646
:10CA30000C462315CD4AC4F31304A3F2FF3344F08C
:10CA40007F559E1994420D9645F4401540F33D8361
:10CA5000C74B9C4240F301849FEDAD7B8DED087B7D
:10CA60008DED107B9FEDAC7B8DED067B01360D9639
:10CA7000A5F580154FF00008DDE906232946064696
:10CA8000F3F7CAFBDDE90623CDE90A013046294662
:10CA9000F3F7C4FB02460B460020B649F3F79EFEAF
:10CAA00003460C46CDE90E3402460B46DDE90A0189
:10CAB000F3F76AFD6B1043F0005303F500230A46B9
:10CAC0002F46014603EB08050023CDE9021202932D
:10CAD000DDE902890024CDE904122B4622464046B6
:10CAE0004946F3F751FD02460B46DDE90A01F3F72B
:10CAF00093FBDDE90623CDE90A0120462946F3F739
:10CB00008BFB02460B4630463946F3F785FB42461F
:10CB10004B46F3F739FD02460B46DDE90A01F3F710
:10CB20007BFBDDE90E23F3F72FFDDDE90445CDE9BD
:10CB3000060122462B4620462946F3F725FD78A319
:10CB4000D3E9002304460D46F3F71EFD76A3D3E98F
:10CB50000023F3F763FB22462B46F3F715FD74A37E
:10CB6000D3E90023F3F75AFB22462B46F3F70CFDDB
:10CB700071A3D3E90023F3F751FB22462B46F3F7C9
:10CB800003FD6FA3D3E90023F3F748FB22462B46AE
:10CB9000F3F7FAFC6CA3D3E90023F3F73FFB22463B
:10CBA00006460F462B4620462946F3F7EDFC024683
:10CBB0000B4630463946F3F7E7FC424604460D463D
:10CBC0004B46DDE90401F3F729FBDDE90623F3F722
:10CBD000DBFC22462B46F3F721FB424606460F4676
:10CBE0004B4640464946F3F7CFFC0022624BCDE965
:10CBF0000A01F3F713FB32463B46F3F70FFB0298AB
:10CC00000D46044622462B4640464946F3F7BCFCF7
:10CC1000002280468946584B20462946F3F7FCFA05
:10CC2000DDE90A23F3F7F8FA02460B4630463946A7
:10CC3000F3F7F2FADDE90423F3F7A6FC22460646F1
:10CC40000F462B46DDE90601F3F79EFC02460B4634
:10CC500030463946F3F7E2FA06460F4602460B46DF
:10CC600040464946F3F7DAFA029839A3D3E900239C
:10CC700004460D46F3F788FC4246CDE904014B46D5
:10CC800020462946F3F7C8FA02460B463046394695
:10CC9000F3F7C2FA30A3D3E90023F3F775FC30A30E
:10CCA000D3E9002306460F4620462946F3F76CFCDD
:10CCB00002460B4630463946F3F7B0FADDE9102359
:10CCC000F3F7ACFA06460D980F46F3F7F3FB32463E
:10CCD000804689463B46DDE90401F3F79FFADDE92A
:10CCE0000823F3F79BFA42464B46F3F797FA02986C
:10CCF00042464B4604460D46F3F78EFADDE908231B
:10CD0000F3F78AFADDE9042338E000BFAFF30080CF
:10CD10000000000000000000000000000000F03FE4
:10CD2000EF4E454A287ECA3F65DBC9934A86CD3F10
:10CD300001411DA96074D13F4D268F515555D53FF6
:10CD4000FFAB6FDBB66DDB3F033333333333E33F8E
:10CD5000000000E009C7EE3FFD033ADC09C7EE3FE3
:10CD6000F5015B14E02F3EBE000040438E980300A7
:10CD700079B60B000000F03F00000840F3F74CFAD2
:10CD80000B46024639463046F3F746FA0BF1FF33BD
:10CD900053EA0A03CDE9040100F05F819FEDD27BE5
:10CDA0008DED027BDDE900AB002356465F46CDE901
:10CDB00000670093DDE90067504632463B4659461E
:10CDC000F3F72AFA22462B46F3F7DEFB524680465B
:10CDD00089465B46DDE90401F3F7D6FB02460B46C4
:10CDE00040464946F3F71AFA3246804689463B46A2
:10CDF00020462946CDE90489F3F7C6FB0B460246D7
:10CE000006460F4640464946F3F708FAD04B99428A
:10CE100004460D468A4640F3258101F13F4303F560
:10CE2000E003034340F0FE81B1A3D3E90023DDE931
:10CE30000401F3F7F3F93246804689463B46204623
:10CE40002946F3F7E9F902460B4640464946F3F70F
:10CE50002BFE002840F0E681A8464FEA2853A3F2B3
:10CE6000FE324FF4801313415344C3F30A52B94DB9
:10CE7000A2F2FF321541C3F3130423EA0501002097
:10CE8000C2F1140B44F48014BAF1000F02460B46B1
:10CE900044FA0BFB30463946B8BFCBF1000BF3F731
:10CEA000BBF906460F463246DDE904013B46F3F77F
:10CEB000B5F94FEA0B5A0D4600248FA3D3E900239E
:10CEC00020462946F3F760FB3246804689463B46BA
:10CED00020462946F3F7A0F902460B46DDE9040196
:10CEE000F3F79AF986A3D3E90023F3F74DFB86A362
:10CEF000D3E9002306460F4620462946F3F744FBB4
:10CF000002460B4630463946F3F788F906460F4687
:10CF100002460B4640464946F3F780F942464B46E7
:10CF200004460D46F3F778F902460B46304639467B
:10CF3000F3F772F92246804689462B462046294659
:10CF4000F3F722FB72A3D3E9002306460F46F3F75B
:10CF50001BFB71A3D3E90023F3F75EF932463B468E
:10CF6000F3F712FB6EA3D3E90023F3F757F9324628
:10CF70003B46F3F709FB6CA3D3E90023F3F74CF925
:10CF800032463B46F3F700FB69A3D3E90023F3F7EE
:10CF900045F932463B46F3F7F7FA02460B46204680
:10CFA0002946F3F739F906460F4602460B46204656
:10CFB0002946F3F7E9FA0022CDE900014FF080435A
:10CFC00030463946F3F728F902460B46DDE9000101
:10CFD000F3F704FC424606460F464B4620462946D8
:10CFE000F3F7D2FA42464B46F3F718F902460B46DE
:10CFF00030463946F3F710F922462B46F3F70CF981
:10D0000002460B4600205449F3F706F98A44BAF564
:10D01000801F02460B46C0F230815146DDE90223F3
:10D02000F3F7B2FA21E4002EFFF645AC49EC108B81
:10D0300013B0BDE8F04F00F081BB002FBFF6D2ACBB
:10D04000DDE90034184604F100410EE442464B4647
:10D0500000204149F3F7C2FB07E49FED377B8DEDDC
:10D06000027B9FE63D4B21F00048984540F3E88065
:10D070003B4B0B4403430AD132463B46F3F7CCF813
:10D08000DDE90423F3F706FD00283FF4E6AEDDE911
:10D0900002012BA3D3E90023F3F776FA28A3D3E9FF
:10D0A0000023F3F771FAFFF7E0BBBCF1000F40F08B
:10D0B000D080C3F1140345FA03F202FA03F3AB4242
:10D0C00000F0E380E346FFF7EABB9FED1F7B8DEDA9
:10D0D000087B8DED107B9FED047B4FF000088DEDFC
:10D0E000067BC9E40026A4E4000000000000F03F35
:10D0F000FE822B654715973C00000000432EE63F5B
:10D10000EF39FAFE422EE63F396CA80C615C20BE76
:10D11000D0A4BE726937663EF16BD2C541BDBB3E3D
:10D120002CDE25AF6A56113F93BDBE166CC1663F1B
:10D130003E5555555555C53F000000000000F0BF55
:10D1400059F3F8C21F6EA5010000000000000000A6
:10D15000FFFF8F40FFFF0F000000F03FFFCB90402C
:10D1600000346F3F5C4B9C427FF73AAC5B4B9C4278
:10D170003FF7C3AB0022594BF3F74EF846A3D3E970
:10D18000002304460D46F3F7FFF945A3D3E9002336
:10D190008046894620462946F3F7F6F90022CDE974
:10D1A00002014F4B20462946F3F7EEF902460B46A3
:10D1B0003DA1D1E90001F3F72FF822462B46F3F702
:10D1C000E3F902460B4600204649F3F725F82246CC
:10D1D00006460F462B4620462946F3F7D5F9024668
:10D1E0000B4630463946F3F7CFF931A3D3E9002394
:10D1F000F3F7CAF902460B46DDE90201F3F70CF832
:10D2000002460B4606460F4640464946F3F706F8E7
:10D21000002004460D4642464B46AFE502460B460B
:10D22000FFF7D5BBDDE9020123A3D3E90023F3F720
:10D23000ABF921A3D3E90023F3F7A6F9FFF715BB58
:10D24000284B98453FF709AEDDE900239246934607
:10D2500032E64FF0000BFFF72EBB9FED197B8DEDF3
:10D26000087B9FED197B8DED107B9FED197B4FF4B3
:10D2700080288DED067BFFF7FFBB584643EC102B53
:10D2800001F066FA51EC100BC8E602F00102C2F19F
:10D29000020BFFF704BB00BF000000604715F73F1B
:10D2A00044DF5DF80BAE543E555555555555D53FA9
:10D2B000FE822B654715F73F9C7500883CE4377E5E
:10D2C0000000004003B8E23F06D0CF43EBFD4C3EE8
:10D2D000000000000000F83FFEFFEF3F0000F03FBD
:10D2E0000000D03F0000E03F2DE9F04753EC102B49
:10D2F000BF4923F000478F4290B040F39380BD496F
:10D300008F421C46824629DC002C194610EE100A7A
:10D31000ADA3D3E9002340F39080F2F77DFFB64B35
:10D320009F4204460D4600F07381A9A3D3E9002370
:10D33000F2F772FF02460B46CAE90023204629464F
:10D34000F2F76AFFA2A3D3E90023F2F765FF0125F4
:10D35000CAE90201284610B0BDE8F087A7498F420C
:10D3600040F38A80A6498F4200F320813D15A5F243
:10D37000164510EE100AA7EB055116460F46F3F7B7
:10D38000B3FBF3F797F88046894642464B46304652
:10D390003946CDE90A89F2F73FFF0022994BF3F7AE
:10D3A000F3F889468046F3F79FFBF3F783F80646C8
:10D3B0000F4632463B4640464946CDE90C67F2F7F8
:10D3C0002BFF00228F4BF3F7DFF800220023CDE97B
:10D3D0000E01F3F741FB002800F065810023304681
:10D3E00039460022F3F738FB002814BF012302233B
:10D3F000854A019202212A4600910AA8514600F06E
:10D40000ABFB002C054614DADAF80420DAF80C300D
:10D4100002F1004203F100434542CAF80420CAF871
:10D420000C3006E080ED000B00250024C0E9024529
:10D430000025284610B0BDE8F087F2F7EFFE6E4BEE
:10D440009F4204460D4600F0108161A3D3E90023FA
:10D45000F2F7E4FE02460B46CAE9002329462046BD
:10D46000F2F7DAFE5AA3D3E90023F2F7D7FE4FF022
:10D47000FF35CAE90201DCE7FEF78EFE59EC108B9E
:10D4800010EE100A54A3D3E900234946F3F77CF8C1
:10D4900000225E4BF2F7C2FEF3F726FB0546F3F7D8
:10D4A00009F849A3D3E90023CDE90601F3F76CF8A5
:10D4B00002460B4640464946F2F7AEFE44A3D3E986
:10D4C000002380468946DDE90601CDE90289F3F7AC
:10D4D0005BF81F2D02460B46CDE9042340F3B580CF
:10D4E000DDE90423DDE90201F2F796FE8046894674
:10D4F0003F15C9F30A53FB1A102B40F3B38038A32E
:10D50000D3E90023DDE90601F3F73EF880468946BA
:10D5100002460B46DDE90201F2F77EFE02460B46AB
:10D52000DDE90201CDE90823F2F776FE42464B46DB
:10D53000F2F772FE2CA3D3E9002380468946DDE989
:10D540000601F3F721F842464B46F2F765FE0B461B
:10D55000CDE904010246DDE90801F2F75DFEC1F301
:10D560000A53FF1A312F8046894600F39E809DEDB5
:10D57000087BCAE900898DED027B42464B46DDE916
:10D580000201F2F749FEDDE90423F2F745FE002C23
:10D59000CAE90201BFF64DAF09F1004401F10043B1
:10D5A0006D42CAE90084CAE9020342E710EE100A9C
:10D5B0001946F2F731FE0025CAE90201CAE9000165
:10D5C00037E700BFAFF3008000004054FB21F93F74
:10D5D0003163621A61B4D03D83C8C96D305FE43FE6
:10D5E0000000601A61B4D03D7370032E8A19A33B0A
:10D5F000FB21E93F7BD90240FB21F93FFB21394167
:10D60000FFFFEF7F000070410C0E01080000E03FBB
:10D6100041A3D3E90023F2F7FFFD41A3D3E900239F
:10D620000D460446F2F7F8FD02460B46CAE9002310
:10D6300029462046F2F7F0FD39A3D3E90023F2F79B
:10D64000EBFD0125CAE90201F3E640464946F2F73F
:10D65000E3FD394B6A1E804653F82230BB428946AF
:10D660003FF446AFCAE9008987E72BA3D3E900233B
:10D67000F2F7D4FD2AA3D3E900230D460446F2F7BE
:10D68000CDFD02460B46CAE9002329462046F2F7A3
:10D69000C3FD23A3D3E90023F2F7C0FD4FF0FF350C
:10D6A000CAE90201C5E60323A2E61FA3D3E90023CA
:10D6B000DDE90601F2F768FF06460F4602460B4613
:10D6C000DDE90801F2F7A8FD8046894602460B46CF
:10D6D000DDE90801CDE90289F2F79EFD32463B46BD
:10D6E000F2F79AFD12A3D3E9002306460F46DDE9BF
:10D6F0000601F2F749FF32463B46F2F78DFD02463E
:10D700000B4640464946CDE90423F2F785FD8046A5
:10D710008946A7E7AFF300800000601A61B4D03DEE
:10D720007370032E8A19A33B0000002E8A19A33BB5
:10D73000C14920259A837B398C0D01082DE9F041E0
:10D74000624A57EC106BBA4300F09580002F3B46BD
:10D7500010EE101A344654DD3F1500F0AF80C3F3CD
:10D760001303A7F2FF3743F48013E20FF90702EB2C
:10D7700043034FEA440503D5ED0F05EB4303A50032
:10D7800000267F10B44616224FF400110CEB010066
:10D7900098424FEAD5744FEA450503DC1B1A00EBAB
:10D7A000010C0E44013A04EB43034FEA5101EDD161
:10D7B0001046964620244FF0004209E052D05B000C
:10D7C000013C03EBD5734FEA52024FEA450536D0D0
:10D7D000634502EB0E01F1DD002901EB020E0ADBCD
:10D7E000E046A3EB0C03A94288BF03F1FF336D1A97
:10D7F0001044C446E3E7BEF1000FF1DB0CF1010871
:10D80000EFE727F0004232432AD0002F49D1CA0A5D
:10D81000153B4905002AFAD012F4801001D050E0DF
:10D8200020465200D50200F10104F9D5C4F12005CB
:10D8300001FA04F4E9401F1A41EA02038FE72B437F
:10D8400029D144087110F30701F17F5101F500114E
:10D8500048BF44F0004401EB0753224643EC102B31
:10D86000BDE8F081A942AAD8002901EB020EC2DB73
:10D8700098460023BBE710EE102A3B4610EE100A34
:10D880003946F2F781FE32463B46F2F7C7FC41ECDF
:10D89000100BBDE8F081421C16BF421C0136540833
:10D8A000D0E710EE102A30463946F2F7B5FC0246B2
:10D8B0000B46F2F793FF41EC100BD1E71A463B46BB
:10D8C000AAE70C4620254FF0FF30B3E70000F07FB9
:10D8D0002DE9F04F57EC106B2DED028BB0EE418A25
:10D8E000F0EE618A27F00049B9F1795F83B072DA0E
:10D8F00010EE100A3946F3F7F7F8002800F0ED8033
:10D9000032463B4630463946F2F73EFE7CA3D3E929
:10D91000002304460D46F2F737FE7BA3D3E900232C
:10D92000F2F77CFC22462B46F2F72EFE78A3D3E9D1
:10D930000023F2F771FC22462B46F2F725FE76A370
:10D94000D3E90023F2F76AFC22462B46F2F71CFECD
:10D9500073A3D3E90023F2F75FFC22462B46F2F7CC
:10D9600013FE71A3D3E90023F2F758FC22462B469D
:10D97000F2F70AFE82468B460022714B204629466A
:10D98000F2F702FE5246804689465B46204629460B
:10D99000F2F7FAFD53EC182B04460D463046394693
:10D9A000F2F7F2FD02460B4620462946F2F734FC18
:10D9B00002460B4640464946F2F72EFC02460B460D
:10D9C00000206049F2F728FC41EC100B03B0BDECDD
:10D9D000028BBDE8F08F10EE102A10EE100A3B46C5
:10D9E0003946F2F7D1FD46A3D3E9002304460D469C
:10D9F000F2F7CAFD44A3D3E90023F2F70FFC224655
:10DA00002B46F2F7C1FD42A3D3E90023F2F704FC51
:10DA100022462B46F2F7B8FD3FA3D3E90023F2F7E5
:10DA2000FDFB22462B46F2F7AFFD3DA3D3E90023D1
:10DA3000F2F7F2FB22462B46F2F7A6FD3AA3D3E912
:10DA40000023F2F7EBFB2B462246F2F79DFD3E4BFF
:10DA5000994582468B468FDD3C4B994544DC00223C
:10DA6000A9F500130020374990469946F2F7D4FBF8
:10DA7000CDE900010022324B20462946F2F784FD11
:10DA800042464B46F2F7C8FB5246804689465B4603
:10DA900020462946F2F778FD53EC182B04460D4634
:10DAA00030463946F2F770FD02460B4620462946BD
:10DAB000F2F7B2FB02460B4640464946F2F7ACFB92
:10DAC00002460B46DDE90001F2F7A6FB41EC100B24
:10DAD00003B0BDEC028BBDE8F08F9FED150B03B0DA
:10DAE000BDEC028BBDE8F08F9FED137B4FF000087B
:10DAF0008DED007BDFF85890BCE700BFAFF30080EE
:10DB0000D43888BEE9FAA8BDC4B1B4BD9EEE213EAA
:10DB1000AD529C804F7E923E9015CB19A001FA3EEB
:10DB20007751C1166CC1563F4C5555555555A53FBB
:10DB3000000000000000F03F000000000000E73F90
:10DB40000000E03F0000F03F3233D33F0000E93FE8
:10DB50000000D23F000000002DE9F04FADF5197D27
:10DB6000C14CA29EC14D54F826600793D41E85FB7C
:10DB70000475E417C4EBA50424EAE4741D46631C91
:10DB8000A3EB8303013D02EBC303059373190496D2
:10DB90000994019503900B91A4EB05071AD43B441B
:10DBA000002400255E1C0DF18008DDF88C9208E051
:10DBB00059F82700F2F77EFC0137B742E8E8020186
:10DBC00008D0002FF4DA013720462946B742E8E8AA
:10DBD0000201F6D1049B002B079B4FEAC30302937B
:10DBE0002ADB039A20A902EB030801EB0309049B3B
:10DBF00072AA02EBC30B0DF5E07A019B002B4FF0EC
:10DC000000064FF0000711DB039C4D4675E9022327
:10DC1000F4E80201F2F7B8FC02460B4630463946FA
:10DC2000F2F7FCFA444506460F46EFD1EAE80267F0
:10DC3000DA4509F10809E0D1DDE90204049920443C
:10DC40008B0082460BA8A3F10802C31808930CAB03
:10DC500013440A938B4698AB03EBCB03BBF1000F45
:10DC600053E9284529DD70AB03EBCB080DF13009F2
:10DC700000227F4B20462946F2F786FCF2F734FF5C
:10DC8000F2F718FC00227B4B06460F46F2F77CFCAD
:10DC900002460B4620462946F2F7BEFAF2F724FF69
:10DCA00078E9022349F8040B39463046F2F7B6FA10
:10DCB00070AB984504460D46DAD1DDF8149045EC7A
:10DCC000104B484600F044FD55EC104B00224FF03D
:10DCD0007F5310EE100A2946F2F756FC41EC100B68
:10DCE00000F01AFC002251EC100B634BF2F74CFCD5
:10DCF00002460B4620462946F2F78EFA0D460446A8
:10DD0000F2F7F2FE8046F2F7D5FB0B4602462946B3
:10DD10002046F2F781FA4B46002B06460F4640F3A9
:10DD2000E0800BF1FF320CA9C9F1180351F8225021
:10DD300045FA03F101FA03F30CA8EB1A40F822307C
:10DD4000C9F11705884443FA05F5002D2CDDBBF118
:10DD5000000F08F1010840F386820C9C002C40F073
:10DD6000A680BBF1010F0AD00CA9012251F8044F83
:10DD7000531C002C40F09D809B451A46F6D1059B14
:10DD8000002B0EDD012B00F0D880022B09D10BF106
:10DD9000FF320CAB0CA953F82230C3F3150341F842
:10DDA0002230022D00F0AE8000220023304639469A
:10DDB000F2F752FE002800F05882049B0BF1FF3965
:10DDC0004B4510DC0BF180430CAA013B089802EB99
:10DDD0008303002253F80419834242EA0102F9D175
:10DDE000002A40F0B580049B0CAA013B52F8233076
:10DDF000002B40F0A0800A9A012352F80419013345
:10DE00000029FAD05B440BF10109994506934BDCDC
:10DE1000099A079909EB020801EB0B0508F1804804
:10DE200002EB030BA39B08F1FF3803EB880870ABF0
:10DE300003EBC909A39B20A903EB8B0301EBC505E9
:10DE4000029358F8040FF2F735FB0B46019902468E
:10DE5000002905F1080BC5E900234FF000064FF03B
:10DE600000071BDB039C0BE0580F0108ABAAAA2A92
:10DE70000000703E000070410000204075E9022360
:10DE8000F4E80201F2F780FB02460B4630463946C1
:10DE9000F2F7C4F9544506460F46EFD1029B984568
:10DEA000E9E802675D46CCD1DDF818B0D3E601237E
:10DEB00000220CA9C4F180749B4541F822400EDD7C
:10DEC00051F8232001EB8B0001EB83036FF07F41BE
:10DED00000E01A688A1A43F8042B8342F9D101241E
:10DEE0004DE706D10BF1FF330CAA52F82350ED1584
:10DEF0002BE700227E4BF2F7CDFD002840F0A981F0
:10DF0000054651E732463B4600207A49F2F784F94C
:10DF100006460F46002C3FF447AF05989FED700B67
:10DF200000F016FC3046394653EC102BF2F774F92A
:10DF300006460F4638E7012364E70BF1FF320CABCE
:10DF40000CA953F82230C3F3160341F8223028E716
:10DF50000CAB059A53F82930183ACDE9068505929D
:10DF60006BB909F18043013B0CA901EB830353F822
:10DF7000041909F1FF39183A0029F8D005920598DB
:10DF80009FED570B00F0E4FBB9F1000F55EC104B7F
:10DF9000C0F2C9814FEAC90370AA02EB03080893D3
:10DFA0000CAB03EB8906DFF850B14FF0000A08F123
:10DFB0000807043656F8040DF2F77CFA22462B4681
:10DFC000F2F7E2FA5B4667E902015246204629462B
:10DFD000F2F7DAFA0CAB9E4204460D46EAD148ABA2
:10DFE00003930193CDF8149009F10103DDF810902B
:10DFF0000293C3464FF0000AB9F1000FC0F230811E
:10E00000DFF8F8805D4638A3D3E900230026002717
:10E01000002403E0544510DCF8E80223F5E802018F
:10E02000F2F7B2FA02460B4630463946F2F7F6F8F6
:10E030000134A14506460F46ECDA019BE3E802678E
:10E040000193029B0AF1010A9A45ABF1080BD3D167
:10E05000A29BDDF81490032B39D8DFE813F0DF0022
:10E0600006000600530048AB0393B9F1000F4FF0D0
:10E0700000004FF0000109DB039D05EBC9040834E3
:10E0800074E90223F2F7CAF8A542F9D1079B002BE5
:10E0900040F027810B9BC3E900010B460399024620
:10E0A000D1E90001F2F7B8F8B9F1000F0CDD4AAD83
:10E0B00001240134F5E80223F2F7B0F8A145F8DABB
:10E0C000079B002B40F01D810B9BC3E90201069BBF
:10E0D00003F007000DF5197DBDE8F08FAFF3008068
:10E0E000000000000000F03F00000040FB21F93F6D
:10E0F0000000E03F0000F03F0000703E200F0108EC
:10E1000048AB0393B9F1000F40F32981039ACDF88E
:10E1100010904FEAC9030193D318D3E900AB09F17A
:10E120000053013B02EBC9080293914678E902676C
:10E1300052465B4630463946F2F770F804460D46C3
:10E1400002460B4630463946F2F766F852465B46C1
:10E15000F2F764F8C145A246AB46C8E90201C8E936
:10E160000045E3D1DDF81090B9F1010F40F3F780DD
:10E17000019B039A02991344C900D3E9006701F196
:10E18000080A019192440DF5947B7AE9028932469E
:10E190003B4640464946F2F741F804460D460246E2
:10E1A0000B4640464946F2F737F832463B46F2F70F
:10E1B00035F8D34526462F46CAE90201CAE900458B
:10E1C000E3D1019C039B1034002000211C4403F187
:10E1D000100574E90223F2F721F8A542F9D1039C56
:10E1E000079ED4E90023D4E90245002E00F08D807B
:10E1F00003F1004701F100430B99C1E90403069BB9
:10E200002646944605F1004403F00700C1E900C723
:10E21000C1E902640DF5197DBDE8F08F089C039DEE
:10E220000834002000212C4474E90223F1F7F6FFA2
:10E23000A542F9D1079B13B101F1004319460B9B8D
:10E24000C3E90001069B03F007000DF5197DBDE849
:10E25000F08FBBF1000F08F1010876DD02257CE5A7
:10E2600000260027E9E6002489E5CDE90685059D1D
:10E2700047EC106B684200F06BFA57EC106B002211
:10E28000384B10EE100A3946F2F704FC00B30022B6
:10E29000354B30463946F2F777F9F2F725FC04465C
:10E2A000F2F708F900222F4BF2F76EF90B460246FF
:10E2B00039463046F1F7B0FFF2F716FC0BF10109D1
:10E2C0000CAB183543F82B00059543F8294056E66A
:10E2D00030463946F2F708FC0CABD94643F82B0020
:10E2E0004DE60B9C01F10043C4E900030B46039982
:10E2F0000246D1E90001F1F78FFFB9F1000F3FF7B6
:10E30000D6AE01F100431946DEE60B9EC6E90023B6
:10E31000069BC6E9040103F00700C6E902450DF5B6
:10E32000197DBDE8F08FA29B032B3FF6D0AE01A272
:10E3300052F823F045E3000867E0000867E00008B2
:10E3400001E100080020002174E732463B4600202E
:10E350000649F1F761FF022506460F4624E5002035
:10E3600000213CE7000070410000703E0000F03FDB
:10E370002DE9F04F55EC104B2DED028BB0EE418A9C
:10E38000F0EE618A25F00043B3F1795F83B08246F5
:10E3900007DA10EE100A2946F2F7A6FB002800F073
:10E3A0008E8022462B4620462946F2F7EDF8064697
:10E3B0000F4602460B4620462946F2F7E5F847A3EA
:10E3C000D3E900238046894630463946F2F7DCF827
:10E3D00044A3D3E90023F1F71FFF32463B46F2F78F
:10E3E000D3F842A3D3E90023F1F718FF32463B46A6
:10E3F000F2F7CAF83FA3D3E90023F1F70DFF324645
:10E400003B46F2F7C1F83DA3D3E90023F1F706FF3D
:10E41000CDE90001BAF1000F37D000222E4B51ECAC
:10E42000180BF2F7B1F8DDE9002382468B4640462F
:10E430004946F2F7A9F802460B4650465946F1F70D
:10E44000EBFE32463B46F2F79FF853EC182BF1F700
:10E45000E3FE1FA3D3E9002306460F464046494684
:10E46000F2F792F802460B4630463946F1F7D6FEEF
:10E4700002460B4620462946F1F7CEFE41EC100B32
:10E4800003B0BDEC028BBDE8F08F02460B46304670
:10E490003946F2F779F80EA3D3E90023F1F7BCFE71
:10E4A00042464B46F2F770F822462B46F1F7B6FE8D
:10E4B00041EC100B03B0BDEC028BBDE8F08F45ECD6
:10E4C000104B03B0BDEC028BBDE8F08FAFF30080C2
:10E4D000495555555555C53F0000E03F7CD5CF5AAD
:10E4E0003AD9E53DEB9C2B8AE6E55A3E7DFEB157D5
:10E4F000E31DC73ED561C119A0012A3FA6F810113E
:10E500001111813F10EE903A43F0004000F5801069
:10E51000C00F70470000000051EC100BC1F30A530C
:10E520002DE9F041A3F2FF35132D0C460F4610EEF6
:10E53000106A1DDC002D3DDB394B43FA05F801EA7A
:10E540000803034319D034A3D3E90023F1F766FE8F
:10E5500000220023F2F7A8FAD0B3002C04DA4FF41B
:10E56000801343FA05F52F4427EA080400262FE01C
:10E57000332D06DDB5F5806F30D041EC100BBDE8D2
:10E58000F081A3F213434FF0FF3828FA03F818EA9A
:10E59000000FF2D020A3D3E90023F1F73FFE0022C1
:10E5A0000023F2F781FA98B1002C28DB26EA08064E
:10E5B0003C460DE018A3D3E90023F1F72FFE00221B
:10E5C0000023F2F771FA18B1002C0FDB0026344655
:10E5D0002346324643EC102BBDE8F08110EE102AA2
:10E5E0000B46F1F71BFE41EC100BC8E724F000438B
:10E5F0000C4A1E43002E18BF14460026E8E7142DCF
:10E6000008D00123C5F1340503FA05F5AE1928BF7A
:10E61000FF18CBE70137C9E79C7500883CE4377EDB
:10E62000FFFF0F000000F0BF002070470000000057
:10E630009FED010B704700BF000000000000F87F55
:10E64000F0B551EC100BC1F30A55A5F2FF32132AB5
:10E6500083B00B464FEAD17610EE104A2FDC002A29
:10E660004ADB394D154101EA0507074323D06D0800
:10E6700029400C430CD04FF48021132A23EA0505CE
:10E6800041FA02F343EA05030CBF4FF000440024B3
:10E690002E4A02EBC6062046D6E900450246294628
:10E6A0002046F1F7BBFDCDE9000122462B46DDE90E
:10E6B0000001F1F7B1FD41EC100B03B0F0BD332ABE
:10E6C00007DDB2F5806FF6D110EE102AF1F7A6FD46
:10E6D000F1E7A5F213454FF0FF32EA401042EAD0CD
:10E6E00052081042D4D04FF0804124EA020241FA8D
:10E6F00005F542EA0504CBE721F000420243DAD0F7
:10E70000C1F3130202435442104D1443240B05EB92
:10E71000C6004F0C04F40021D0E900457F0410EE40
:10E72000102A41EA070320462946F1F777FDCDE993
:10E7300000012B462246DDE90001F1F76DFD21F0D5
:10E74000004343EAC671B6E7FFFF0F00680F0108F8
:10E7500038B553EC102BC3F30A511C46054629BBB0
:10E7600010EE101A23F0004421431ED01946002257
:10E77000394B3A4C10EE100AF1F706FFA54202465B
:10E780000B4636DB0C46C1F30A513639294440F2B8
:10E79000FE70814235DC002914DD24F0FF4424F4AE
:10E7A000E00444EA015343EC102B38BD40F2FF7003
:10E7B0008142EBD110EE100A1946F1F72FFD41EC22
:10E7C000100B38BD11F1350F1EDA4CF250318D426D
:10E7D00043EC112B28DD9FED1C0B00F043F81AA32E
:10E7E000D3E9002351EC100BF1F7CEFE41EC100BF6
:10E7F00038BD17A3D3E90023F1F7C6FE41EC100B97
:10E8000038BD43EC112BE6E724F0FF4424F4E00488
:10E81000363144EA0153104619460022104BF1F7F5
:10E82000B3FE41EC100B38BD9FED090B00F01AF858
:10E8300007A3D3E9002351EC100BF1F7A5FE41EC3F
:10E84000100B38BDAFF300809C7500883CE4377E28
:10E8500059F3F8C21F6EA50100005043B03CFFFF02
:10E860000000903C53EC102B11EE900A23F0004175
:10E8700000F0004041EA000343EC102B704700BF5A
:10E88000014B1868704700BF4802002070B50D4E5C
:10E890000D4CA41BA4100025A54209D10B4E0C4C15
:10E8A00002F06EF8A41BA4100025A54205D170BD8E
:10E8B00056F8253098470135EEE756F82530984749
:10E8C0000135F2E7E0110108E0110108E01101084B
:10E8D000E411010810B5431E0A44914200D110BD55
:10E8E00011F8014B03F8014FF7E702440346934246
:10E8F00000D1704703F8011BF9E72DE9FF4755ECFC
:10E90000104B0D9FDDF830A0002D0E4691461946A4
:10E91000B8BF22462B4627F02007BBBF05F10043B6
:10E920001D4600232D23B8BF1446462F0B7004D07C
:10E93000452F00D10136022100E0032103AB0193F2
:10E9400002AB00933246534645EC104B00F0E0FC1E
:10E95000472F804602D119F0010F26D0462F08EB31
:10E96000060911D198F80030302B0AD1002200237B
:10E9700020462946F2F770F818B9C6F10106CAF820
:10E980000060DAF80030994400220023204629462E
:10E99000F2F762F838B93022039B4B4505D2591C77
:10E9A00003911A70F8E7CDF80C90039B0E9AA3EB35
:10E9B00008034046136004B0BDE8F087F7B50029AE
:10E9C0000446BABF49422D232B23092904F8022B00
:10E9D000437020DD0DF107031F460A2691FBF6F573
:10E9E00006FB15113031092D03F8011C03F1FF322C
:10E9F000294609DC3031023B02F8011CBB422246A9
:10EA000004D3101A03B0F0BD1346E7E713F8012B47
:10EA100004F8012BF2E7302319448370021DC17002
:10EA2000EFE700002DE9F04F8DB00C46DDF858807F
:10EA300016461F46054601F023FA0368049318465C
:10EA4000F2F74AFA00230A93D8F80030059007330A
:10EA500023F0070303F1080294F818A0D4F800B0DB
:10EA6000C8F80020D3E90023C4E91223D4E91289AD
:10EA700029F000430793CDF818804FF0FF32A74BE1
:10EA8000DDE90601F2F71AF870BB4FF0FF32A34B35
:10EA9000DDE90601F1F7F4FF30BB00220023404618
:10EAA0004946F1F7E3FF10B12D2384F843309C4A27
:10EAB0009C4BBAF1470F8CBF9046984603232BF02E
:10EAC0000402236122604FF00009009733460BAA2D
:10EAD0002146284600F0E6F9013040F08D804FF0E5
:10EAE000FF300DB0BDE8F08F42464B4640464946E8
:10EAF000F1F7E4FF10B18C4A8C4BDAE761684B1CEC
:10EB00004BF480620AA83ED1062363600023CDE95E
:10EB1000020309AB009349EC108B0DF12303226033
:10EB2000CDF804A061682846FFF7E7FE0AF0DF038E
:10EB3000472B804609D1099BD81C02DB62689342AF
:10EB400047DDAAF1020A5FFA8AFABAF1650F09995C
:10EB500024D80139524604F150000991FFF72EFFE5
:10EB60000A9A1318012A8146236102DC2268D10720
:10EB700001D5013323619DF82330002BA5D02D232F
:10EB800084F84330A1E7BAF1670F00F07781BAF15A
:10EB9000470FBBD10029B9D10123B6E7BAF1660FFF
:10EBA00019D1002963680CDD216113B92268D207ED
:10EBB00002D501330B442361099BA3654FF0000983
:10EBC000D9E713B92268D00701D50233F3E701234F
:10EBD000F1E74FF0670ADDE90932934205DB22686D
:10EBE0002361D107E8D50133E5E7002BD4BFC3F19A
:10EBF000020301231344DEE723685A0507D423697F
:10EC0000424631462846B84701302BD167E7BAF172
:10EC1000650F40F2DC8000220023D4E91201F1F7F5
:10EC20001BFF002833D00123414A31462846B8470C
:10EC300001303FF454AFDDE909239A4202DB236837
:10EC4000D8070FD5DDE9042331462846B8470130FF
:10EC50003FF445AF4FF0000804F11A090A9B013B4D
:10EC6000434509DC23689B0700F10381E0680B9BA7
:10EC70009842B8BF184634E701234A463146284631
:10EC8000B84701303FF42BAF08F10108E6E7099BD4
:10EC9000002B2BDC0123264A31462846B847013099
:10ECA0003FF41DAF099B23B90A9B13B92368D90709
:10ECB000D8D5DDE9042331462846B84701303FF472
:10ECC0000EAF4FF0000904F11A0A099B5B424B4555
:10ECD00001DC0A9B94E70123524631462846B84797
:10ECE00001303FF4FCAE09F10109EEE70A9AA36D89
:10ECF0009A42A8BF1A46002A914607DD13463146BC
:10ED000042462846B84701303FF4E9AE04F11A0301
:10ED10004FF0000B29EAE979069315E0FFFFEF7F3A
:10ED20007C0F0108780F0108840F0108800F01088B
:10ED3000880F01080123069A31462846B84701305A
:10ED40003FF4CDAE0BF1010BD4F858A0AAEB0903A8
:10ED50005B45EFDCDDE909239A42D04415DB2368EB
:10ED6000DA0712D40A9B0999A3EB0A02A3EB010A62
:10ED70009245A8BF9246BAF1000F0EDC4FF0000892
:10ED80002AEAEA7A04F11A0919E0DDE90423314696
:10ED90002846B8470130E5D1A1E653464246314600
:10EDA0002846B8470130E9D199E601234A46314661
:10EDB0002846B84701303FF492AE08F10108DDE97A
:10EDC00009239B1AA3EB0A034345EEDC4AE70A9AA0
:10EDD000012A01DCDB073AD50123424631462846A9
:10EDE000B84701303FF47BAEDDE9042331462846C5
:10EDF000B847013008F101083FF471AE0A9B0022C8
:10EE000003F1FF3AD4E912010023F1F725FEC8B956
:10EE10005346424631462846B84701300ED15EE699
:10EE20000123524631462846B84701303FF457AED9
:10EE300008F101080A9B013B4345F1DC4B4604F114
:10EE40005002DEE64FF0000804F11A0AF2E701234F
:10EE5000DFE701234A4631462846B84701303FF4F0
:10EE60003EAE08F10108E3680B9A9B1A4345F0DCBB
:10EE7000FCE64FF0000804F11909F4E700293FF41B
:10EE80008BAE0023CDE9020309AB009349EC108B54
:10EE90002260CDF804A00DF123032846FFF72DFDD5
:10EEA000804648E62DE9F04791461F468A680B697F
:10EEB000DDF820809342B8BF1346C9F8003091F8BE
:10EEC000432006460C4612B10133C9F800302368CE
:10EED000990642BFD9F800300233C9F800302568DE
:10EEE00015F0060507D104F1190AE368D9F80020E6
:10EEF0009B1AAB4228DC94F843302268003318BFD9
:10EF0000012392062DD404F1430239463046C0470E
:10EF1000013020D02368E568D9F8002003F006030B
:10EF2000042B08BFAD1AA36822690CBF25EAE5755A
:10EF300000259342C4BF9B1AED184FF000091A3404
:10EF40004D451AD1002008E001235246394630468B
:10EF5000C047013003D14FF0FF30BDE8F0870135E5
:10EF6000C3E7E1185A1C302081F84300224494F88A
:10EF7000451082F843100233C5E701232246394683
:10EF80003046C0470130E6D009F10109D8E700005A
:10EF90002DE9F04301F1430C0C46097E85B06E2942
:10EFA0001746064698460C9A00F0B38022D863298B
:10EFB00036D00AD8002900F0B980582900F08380A3
:10EFC00004F1420584F8421032E0642901D0692935
:10EFD000F6D120681368050603F104012AD51B68E1
:10EFE0001160002B03DA2D225B4284F843206F4826
:10EFF0000A2239E0732900F09D8008D86F2920D0BB
:10F000007029DDD1236843F02003236003E07529D4
:10F0100017D07829D4D1782384F84530644855E056
:10F020001368191D1B68116004F1420584F8423011
:10F0300001238CE01B68116010F0400F18BF1BB259
:10F04000CFE713682568181D1060280601D51B68D6
:10F0500002E06806FBD51B8854486F2914BF0A22BA
:10F060000822002184F843106568A560002DC0F2D5
:10F070009580216821F004012160002B3DD1002DF5
:10F0800040F08E806546082A0BD12368DB0708D53F
:10F09000236962689A42DEBF302305F8013C05F11E
:10F0A000FF35ACEB05032361CDF800803B4603AA96
:10F0B00021463046FFF7F6FE01304DD14FF0FF30CC
:10F0C00005B0BDE8F083394884F84510136821681D
:10F0D0001D1D1B6815600A060BD5CA0744BF41F009
:10F0E000200121601BB9226822F020022260102238
:10F0F000B7E74D0648BF9BB2EFE76546B3FBF2F1B9
:10F1000002FB1133C35C05F8013D0B460029F5D124
:10F11000B9E7136825686169181D106028061B6827
:10F1200001D5196002E06A06FBD51980002323612E
:10F130006546B9E71368191D11601D6862680021F2
:10F140002846F1F7D5FE08B1401B60606368236173
:10F15000002384F84330A7E723692A46394630461E
:10F16000C0470130AAD023689B0713D4E068039BF3
:10F170009842B8BF1846A3E701234A4639463046AD
:10F18000C04701309AD00135E368039A9B1AAB421D
:10F19000F2DCEBE7002504F11909F5E7002BACD10F
:10F1A000037884F8423004F142056CE78A0F0108C5
:10F1B0009B0F01080EB400B59CB01DAB02900690E9
:10F1C0006FF00041094807910491094953F8042B55
:10F1D00005910068019302A901F054FA029B0022F4
:10F1E0001A701CB05DF804EB03B0704748020020B1
:10F1F0000802FFFF2DE9F74F03690C69A34280461F
:10F20000C0F28280013C01F114074FEA840C00F146
:10F21000140657F8245056F8240006EB0C03013569
:10F2200007EB0C090193B0FBF5F595B34FF0000A1D
:10F230003846B646D34650F8042B93B205FB03A3D9
:10F240004FEA134A9BB2ABEB0303120CDEF800B09B
:10F2500005FB02A213FA8BF34FEA124A1FFA82FB54
:10F26000DEF80020CBEB124202EB23429BB243EAD2
:10F27000024381454FEA224B4EF8043BDBD256F85D
:10F280000C3033B9019B043B9E421A4630D3C8F878
:10F290001040404601F020F8002825DB01353046BB
:10F2A0004FF0000C57F8042BD0F800E093B2ACEB11
:10F2B0000303120C13FA8EF3C2EB1E4202EB23423D
:10F2C0009BB243EA0243B9454FEA224C40F8043B63
:10F2D000E8D256F8242006EB84032AB9043B9E4268
:10F2E0001A460BD3C8F81040284603B0BDE8F08F8B
:10F2F0001268043B002ACAD1013CC5E71268043BEE
:10F30000002AEFD1013CEAE70020EEE70000000010
:10F310002DE9F04F57EC106B97B0456A0691044603
:10F320000B921293DDF88080CDE900673DB9102083
:10F3300000F0B4FD6062C0E901550560C560636A14
:10F34000196851B15A684A60012393408B60204686
:10F3500000F0E0FD636A00221A603B1EBBBF23F091
:10F360000043019300230122ACBFC8F80030C8F865
:10F370000020AF4BDDF8048033EA080314D1129A61
:10F3800042F20F731360009B23B9C8F313000028E7
:10F3900000F04285219BDFF8ACB2002B00F04485E1
:10F3A0000BF1030300F03EBDDDE9006700220023FE
:10F3B00030463946F1F750FB814668B1129A012375
:10F3C0001360219B002B00F024859A4B219A03F1B6
:10F3D000FF3B136000F028BD14AA15A947EC106B81
:10F3E000204600F0F0FFC8F30A550490002D7CD0B1
:10F3F000C7F3130343F07F5BB2464BF4401BA5F207
:10F40000FF35CDF84C9000228B4B50465946F0F713
:10F4100003FF81A3D3E90023F1F7B6F880A3D3E972
:10F420000023F0F7FBFE064628460F46F1F742F8A8
:10F430007DA3D3E90023F1F7A7F802460B46304637
:10F440003946F0F7EBFE06460F46F1F74DFB00227A
:10F450008246002330463946F1F708FB48B1504652
:10F46000F1F728F832463B46F1F7F6FA08B90AF107
:10F47000FF3ABAF1160F59D8704901EBCA01DDE91C
:10F480000023D1E90001F1F70FFB002850D00AF169
:10F49000FF3A00230F93149B5D1BB5F1010849BF90
:10F4A000C5F10103002305934FF0000858BF0593F1
:10F4B000BAF1000F3EDB0023D044CDF838A007930B
:10F4C000069B092B00F29080052BC4BF043B0693DA
:10F4D000069BA3F10203CCBF00250125032B00F2FC
:10F4E0008F80DFE803F07D7F3171DDE914531D4427
:10F4F00005F23240202813DDC0F14000009B08FADD
:10F5000000F805F2124023FA00F048EA0000F0F794
:10F51000C1FF01238246A1F1F87B013D139372E7FD
:10F52000009BC0F1200003FA00F0F0E70123B1E7EF
:10F530000F90B0E7059BA3EB0A030593CAF1000304
:10F54000079300230E93BBE701230A930B9B002B29
:10F5500059DD02939946666A00227260042202F124
:10F5600014009842716853D9204600F09FFC636AEA
:10F570003060B9F10E0FD3F800B000F2E680002D34
:10F5800000F0E3809DED007BBAF1000F8DED107B64
:10F5900074DD2A4A0AF00F0302EBC30393ED007BEC
:10F5A0004FEA2A16F0068DED087B65D5244BDDE980
:10F5B0001001D3E90823F1F711F9CDE9000106F0B4
:10F5C0000F0603251E4F4CE001230A930B9B534467
:10F5D00003F1010902934B46012BB8BF0123BAE79F
:10F5E0000023B2E70023F0E70125002306930A95E4
:10F5F0004FF0FF3302939946002212230B92AAE7A1
:10F6000001230A93F4E70123029399461A46F5E78A
:10F61000013171605200A2E761436F63A787D23F57
:10F62000B3C8608B288AC63FFB799F501344D33FF1
:10F630000000F07F890F01080000F83FE80F010883
:10F64000C00F0108B50F0108F10708D5DDE9080171
:10F65000D7E90023F0F798FFCDE9080101357610CE
:10F660000837002EF0D1DDE90823DDE90001F1F7CC
:10F67000B5F8CDE900011AE00225A3E700F0A0806B
:10F68000CAF100069F4BA04F06F00F0203EBC20326
:10F69000D3E90023DDE91001F0F776FFCDE90001A1
:10F6A000361100230225002E7FD1002BE1D10F9BC4
:10F6B000002B00F08780DDE900670022934B304685
:10F6C0003946F1F7D3F900287CD0B9F1000F79D091
:10F6D000029B002B35DD0AF1FF33089339460022E7
:10F6E0008B4B3046F0F750FFCDE90001029F01350A
:10F6F0002846F0F7DFFEDDE90023F0F745FF0022A2
:10F70000844BF0F78BFD0546A1F15076002F5DD1BB
:10F710000022814BDDE90001F0F77EFD2A463346E9
:10F72000CDE90001F1F7C0F9002840F088822A46AF
:10F7300006F10043DDE90001F1F798F9002840F0F7
:10F740007C82DDE91023CDE90023159B002BC0F25C
:10F750005081BAF10E0F00F34C816A4B03EBCA03E0
:10F7600093ED007B0B9B002B8DED027B80F2D8800C
:10F77000B9F1000F00F3D48040F05E820022664BA6
:10F7800051EC170BF0F700FFDDE90023F1F782F9E8
:10F790004F464E46002840F0348231230BF10105DC
:10F7A0008BF800300AF1010A2FE2F20705D5D7E9FC
:10F7B0000023F0F7E9FE013501237610083772E7E0
:10F7C000022574E7CDF820A04F4691E74D4B03EB9F
:10F7D000C70353E902010A9B002B47D002460B46A0
:10F7E00000204E49F0F7FAFF2A463346F0F714FDA1
:10F7F000CDE90C015D46DDE90001F1F775F906463A
:10F80000F0F758FE02460B46DDE90001F0F704FD73
:10F81000303605F8016BDDE90C23CDE90001F1F785
:10F8200025F9002863D1DDE9002300203749F0F7EE
:10F83000F3FCDDE90C23F1F719F9002840F0B7805B
:10F84000A5EB0B039F427FF77CAF0022304BDDE935
:10F850000C01F0F799FE0022CDE90C012C4BDDE9FB
:10F860000001F0F791FECDE90001C4E72A463346D6
:10F87000F0F78AFECDE90C010BEB07055E46DDE9EA
:10F880000001F1F731F90746F0F714FE3037024670
:10F890000B46DDE90001F0F7BFFC06F8017BAE4244
:10F8A000CDE900014FF0000226D11C4BDDE90C012F
:10F8B000F0F7B4FC02460B46DDE90001F1F7F4F87D
:10F8C000002874D1DDE90C2300201449F0F7A4FCD2
:10F8D00002460B46DDE90001F1F7C8F800283FF4C5
:10F8E00030AF15F8013C302B05F1FF3202D0DDF8C6
:10F8F00020A04AE01546F4E7054BF0F745FECDE9B8
:10F900000001BCE7E80F0108C00F01080000F03F4C
:10F910000000244000001C40000014400000E03FB4
:10F92000DDE900675D46DDE9022330463946F0F740
:10F9300055FFF1F7D9F88046F0F7BCFDDDE9022369
:10F94000F0F722FE02460B463046394608F13006F3
:10F95000F0F762FC05F8016BA5EB0B06B14502461A
:10F960000B4639D1F0F75AFCDDE9022306460F4673
:10F97000F1F79AF8C8B9DDE9022330463946F1F7C4
:10F980006BF810B118F0010F0FD10499204600F068
:10F99000C1FA0023129A2B700AF101031360219B14
:10F9A000002B00F041821D603EE2CDF820A015F84A
:10F9B000012C392A05F1FF3308D19B450AD1089B58
:10F9C0000133089330238BF800305B461A780132FC
:10F9D0001A708CE71D46EAE700229B4BF0F7D4FD36
:10F9E0000022002306460F46F1F736F800289AD089
:10F9F000CBE70A9A002A00F08B80069A012A6EDC77
:10FA0000139A002A67D003F23343079F059D059A96
:10FA100001211A4420460592984400F01BFB06463B
:10FA2000002D0CDDB8F1000F09DD4545059A2B4688
:10FA3000A8BF4346D21A0592ED1AA8EB0308079B0C
:10FA4000EBB10A9B002B67D08FB131463A46204676
:10FA500000F0A0FB049A01460646204600F003FB96
:10FA600004990890204600F055FA089B0493079BE0
:10FA7000DA1B04D00499204600F08CFB049001218D
:10FA8000204600F0E7FA0E9B0746002B00F0D081DD
:10FA90001A460146204600F07DFB069B012B0746D7
:10FAA00040DC009B002B39D1019BC3F31303002BD7
:10FAB00036D1019B23F000431B0D1B052BB1059B89
:10FAC0000133059308F10108012307930E9B002BD6
:10FAD0002AD1012030E0149BC3F1360395E7079B40
:10FAE00009F1FF37BB42BFBF079B0797FA1A0E9B6E
:10FAF000BBBF9B180E93DF1B0027B9F1000FB5BFEA
:10FB0000059B059DA3EB09054B46B8BF00237EE787
:10FB1000079F059D0A9E83E7079AABE70023D4E77A
:10FB2000009BD2E7002307933B6907EB8303186927
:10FB300000F042FAC0F12000404410F01F0047D00E
:10FB4000C0F12003042B3BDD059BC0F11C000344E6
:10FB5000059305448044059B002B05DD1A46049956
:10FB6000204600F065FB0490B8F1000F05DD394632
:10FB70004246204600F05CFB07460F9B53B33946D4
:10FB8000049800F0A9FB002824DA00230A22049933
:10FB9000204600F0D6F90A9B04900AF1FF3A002BA8
:10FBA00000F04D81002331460A22204600F0C9F9B9
:10FBB000029B002B06464FDC069B022B4CDD11E01E
:10FBC000C9D0059A1C331A4405921D449844C2E7D3
:10FBD0000346F6E7B9F1000F38DC069B022B35DD52
:10FBE000CDF80890029B63B939460522204600F003
:10FBF000A8F901460746049800F06EFB00283FF77D
:10FC0000CCAD0B9B5D466FEA030A4FF00009394605
:10FC1000204600F07FF9002E3FF4B7AEB9F1000F97
:10FC200005D0B14503D04946204600F073F931466E
:10FC3000204600F06FF9A8E600273E46E1E7DDF830
:10FC400020A03E46A9E500BF000024400A9BCDF855
:10FC50000890002B00F0FA80002D05DD31462A4681
:10FC6000204600F0E5FA0646079B002B4CD0716851
:10FC7000204600F01BF9326902320546920006F177
:10FC80000C010C30FEF726FE01222946204600F02A
:10FC9000CFFA009BCDF814B003F00103B1460793EF
:10FCA000064639460498FFF7A5FA4946054600F18D
:10FCB0003008049800F010FB324600903946204688
:10FCC00000F024FBC368024603BB01460890049879
:10FCD00000F002FB089A034611462046089300F004
:10FCE00019F9089BA3B9069A92B9079A82B9B8F193
:10FCF000390F29D0009B002B01DD05F13108059B50
:10FD00005D1C83F8008082E73046C2E70123E3E709
:10FD1000009A002A04DB25D1069A1ABB079A0ABB6F
:10FD2000002BECDD01220499204600F081FA3946CF
:10FD3000049000F0D1FA002803DCE0D118F0010FA4
:10FD4000DDD0B8F1390FD8D1059B059A5D1C392358
:10FD5000137015F8013C392B05F1FF324FD00133F8
:10FD6000137054E7059A002B02F1010506DDB8F186
:10FD7000390FE9D008F10108059BC2E7029A05F89E
:10FD8000018CA5EB0B03934221D000230A22049996
:10FD9000204600F0D6F8B14504904FF000034FF034
:10FDA0000A024946204605D100F0CBF881460646B6
:10FDB000059576E700F0C5F83146814600230A2212
:10FDC000204600F0BEF80646F2E74FF00009012297
:10FDD0000499204600F02CFA3946049000F07CFA91
:10FDE0000028B6DC02D118F0010FB2D115F8013CA1
:10FDF000302B05F1FF327FF40AAF1546F6E7934545
:10FE000005D131230AF1010A8BF80030FFE61546CF
:10FE10009FE7DFF864B007E0219BDFF860B01BB11B
:10FE20000BF10803219A1360584617B0BDE8F08F14
:10FE3000069B012B7FF735AE0E9B079349E6029B8D
:10FE4000002B03DC069B022B3FF7CCAE5D46394608
:10FE50000498FFF7CFF900F1300805F8018B029AFA
:10FE6000A5EB0B039A42B0DD00230A220499204639
:10FE700000F067F80490EAE7880F0108AC0F01086A
:10FE8000044B1B68186A044B002808BF1846F03062
:10FE9000704700BF48020020AC020020024B014620
:10FEA000186800F03BBB00BF4802002070B5456AEF
:10FEB00004460E463DB91020FFF7F0FF6062C0E92E
:10FEC00001550560C560656AEB6883B1636ADB68EC
:10FED00053F82600B8B9012101FA06F56A1D92000F
:10FEE000204600F0BFFA60B1C0E901650EE02122B2
:10FEF0000421204600F0B6FA636AE860DB68002B54
:10FF0000E4D1002070BD026843F826200023C0E938
:10FF10000333F7E770B5446A06460D463CB9102036
:10FF2000FFF7BCFF7062C0E901440460C4603DB1EA
:10FF3000736A6A68DB6853F82210296043F822501C
:10FF400070BD2DE9F0410D691F4606460C4601F1D2
:10FF5000140C0023DCF8000081B202FB01710F0CCD
:10FF6000000C02FB007089B2013301EB00419D429D
:10FF70004FEA10474CF8041BECDCD7B1A368AB4246
:10FF800012DC616830460131FFF790FF22690232CE
:10FF900004F10C01804692000C30FEF79BFC2146D8
:10FFA0003046FFF7B7FF444604EB850301355F6138
:10FFB00025612046BDE8F081020C12040346B2B967
:10FFC0000304102013F07F4F04BF1B02083013F00E
:10FFD000704F04BF1B01043013F0404F04BF9B005F
:10FFE0000230002B06DB5B0003D501307047002098
:10FFF000E8E720207047036813F0070201460BD0A2
:020000040801F1
:10000000DA0723D4980749BF5B089B0801200B60DF
:100010005CBF0B600220704798B2A8B91B0C10207F
:1000200013F0FF0F04BF1B0A08301A0704BF1B0997
:1000300004309A0704BF9B080230DA0702D45B0839
:1000400006D001300B6070471046E9E7002070478A
:100050002020704710B50C460121FFF727FF012231
:100060004461026110BD2DE9F74F14460A69236906
:100070009A42B8BF0B468846BCBFA0461C46D8F87B
:100080001070D4F81090D8F80830D8F8041007EBA6
:100090000906B342B8BF0131FFF708FF00F11405AC
:1000A00005EB860E2B460022734516D304F114028D
:1000B00008F1140102EB890301EB87070093009B11
:1000C000019293420CD8002E03DD5EF8043D002B14
:1000D0005DD0066103B0BDE8F08F43F8042BE3E781
:1000E000B2F800B0BBF1000F23D08946AC464FF008
:1000F000000859F8044BDCF800A0A3B21FFA8AFAF2
:100100000BFB03A34FEA144ADCF8004043444FEAD8
:1001100014480BFB0A8404EB1344E2469BB243EA07
:1001200004434F454FEA14484AF8043B2BD8CCF817
:100130000480019BB3F802A00432BAF1000F20D072
:100140002B688946A8464FF0000BB9F800C0B8F8F4
:1001500002400AFB0C445C44C4469BB243EA04439D
:100160004CF8043B59F8043BB8F804B01B0C0AFBEC
:1001700003B303EB14434F454FEA134B05D8C8F8BC
:10018000043004359BE7D446B3E7E046DDE7013EA3
:1001900099E700002DE9F843154612F003020646E0
:1001A0000F4607D0013A214C002354F82220FFF7D4
:1001B000C8FE0746AD1035D0746A3CB91020FFF771
:1001C0006DFE7062C0E901440460C460D6F824800A
:1001D000D8F808404CB940F271213046FFF73AFF99
:1001E0000023C8F80800044603604FF00008EB073E
:1001F0000AD5394622463046FFF735FF3946814653
:100200003046FFF787FE4F466D100BD0206838B997
:10021000224621463046FFF726FF2060C0F80080C6
:100220000446E4E73846BDE8F88300BFB010010893
:100230002DE9F0470C464FEA621A236949680AEB38
:100240000309A3680746164609F10105AB4232DBF4
:100250003846FFF72BFE0023804600F114011A46B2
:1002600053452BDB20692AEAEA7A04F1140316F0DD
:100270001F0201EB8A0103EB800C25D0C2F1200E96
:1002800000201E688A46964030434AF8040B53F813
:10029000040B9C4520FA0EF014D8486008B109F10F
:1002A0000205013D3846C8F810502146FFF732FEDE
:1002B0004046BDE8F08701315B00C7E741F82320E5
:1002C0000133CDE75146DCE7043953F8042B41F8FC
:1002D000042F9C45F9D8E4E703690A699B1A30B5F5
:1002E0000CD19200143014318418114454F8045D78
:1002F00051F8042D954203D005D30123184630BD93
:10030000A042F3D3FAE74FF0FF33F7E72DE9F047C8
:100310000D460746114628461446FFF7DDFF061E28
:1003200008D131463846FFF7C1FD0123C0E9043644
:10033000BDE8F087A4BF23462C4638466168A6BFB7
:100340001D4600260126FFF7B1FD2B69C660266910
:1003500005F1140904F1140202EB860709EB830886
:1003600000F114054FF0000E52F804AB59F8044B9D
:100370001EFA8AF1A3B2C91A230CC3EB1A4303EB8A
:10038000214389B24FEA234EC84541EA03439446CC
:1003900045F8043BE8D8BC4504D355F8043D83B187
:1003A0000661C5E75CF8041B1EFA81F31A1402EB20
:1003B00011429BB243EA02434FEA224E45F8043B06
:1003C000E9E7013EE9E72DE9F7430E46012159EC43
:1003D000108B1546FFF76AFDC9F30A540746C9F3A7
:1003E000130334BB0193B8F1000327D002A840F8EF
:1003F000083DFFF700FE0099F0B1019AC0F120031B
:1004000002FA03F30B43C2407B610192019BBB6183
:10041000002B14BF022101213961C4B1A4F233447D
:1004200004443460C0F135002860384603B0BDE8AC
:10043000F08343F48013D5E77961E7E701A8FFF77C
:10044000DAFD019B7B61012139612030E5E707EB93
:100450008103A0F2324030601869FFF7ADFDC0EBB8
:100460004110E1E738B502FB01F4214600F056F8EF
:10047000054618B122460021FEF737FA284638BD56
:1004800038B50546002945D051F8043C0C1F002B17
:10049000B8BFE41800F029FA1F4A1368104633B9B0
:1004A000636014602846BDE8384000F01FBAA342DC
:1004B0000CD921686218934204BF1A685B686360B4
:1004C00004BF521822600460ECE713465A680AB170
:1004D000A242FAD919685818A0420BD120680144E9
:1004E000581882421960DDD1106852685A60014480
:1004F0001960D7E702D90C232B60D3E720682118B5
:100500008A4204BF11685268626004BF0918216002
:100510005C60C7E738BD00BFD044002070B5CD1C7B
:1005200025F0030508350C2D38BF0C25002D064697
:1005300001DBA94203D90C233360002070BD00F019
:10054000D4F9214A1468214691B9204C23681BB97B
:10055000304600F08FF920602946304600F08AF9D5
:10056000431C24D10C233360304600F0BFF9E4E78C
:100570000B685B1B18D40B2B0FD90B60CD50CC181C
:10058000304600F0B3F904F10B00231D20F0070002
:10059000C31AD3D05A42E250D0E78C424B6816BF00
:1005A000636013600C46EBE70C464968CCE7C41C5B
:1005B00024F00304A04205D0211A304600F05AF975
:1005C0000130CFD02560DBE7D0440020D4440020A8
:1005D0002DE9F0478E689E4282460C469046994629
:1005E00037D88A8912F4906F31D0256809696F1A5B
:1005F0006569022305EB450595FBF3F509F1010358
:100600003B449D4238BF1D46530530D52946FFF770
:1006100085FF064650B90C23CAF80030A38943F081
:100620004003A3814FF0FF30BDE8F0873A462169CF
:10063000FEF750F9A38923F4906343F08003A3816C
:10064000266165613E44ED1B2660A5604E464E4521
:1006500000D94E4632464146206800F02DF9A36885
:100660009B1BA36023681E4426600020DCE72A460B
:1006700000F03DF906460028E2D121695046FFF717
:10068000FFFEC8E72DE9F04F1D468B891F069DB080
:1006900080460C4616460FD50B696BB94021FFF713
:1006A0003DFF2060206128B90C23C8F800304FF0CE
:1006B000FF30C8E0402363610023099320238DF8B5
:1006C000293030238DF82A3003954FF0010B37463F
:1006D0003D4615F8013B0BB1252B3ED1B7EB060A81
:1006E0000BD05346324621464046FFF771FF01309A
:1006F00000F0A480099B534409933B78002B00F041
:100700009D8000234FF0FF32CDE90523049307932A
:100710008DF853301A932F46052217F8011B5048C5
:10072000F0F7E6FB049BD0B9D90644BF20228DF830
:1007300053201A0744BF2B228DF853202A782A2AE7
:1007400015D0079A2F4600200A25394611F8013B9B
:10075000303B092B4DD9B8B10FE02F46B8E7404ADE
:10076000801A0BFA00F0184304903D46D3E7039A31
:10077000111D12680391002A01DB079204E0524226
:1007800043F00203079204933B782E2B0CD17B7825
:100790002A2B33D1039B1A1D1B680392002BB8BF71
:1007A0004FF0FF33023705932E4D39780322284648
:1007B000F0F79EFB38B14023401B03FA00F0049B86
:1007C000034301370493397827488DF8281006220F
:1007D0007E1CF0F78DFB002838D0244B13BB039B05
:1007E000073323F0070308330393099B4B44099312
:1007F0006DE705FB023201200F46A6E70023013713
:10080000059319460A25384610F8012B303A092A73
:1008100003D9002BC8D00591C6E705FB01210123B0
:100820000746F0E703AB00932246114B04A940466C
:10083000FEF7F8F8B0F1FF3F8146D6D1A3895B06F9
:100840003FF535AF09981DB0BDE8F08F03AB0093BD
:100850002246074B04A94046FEF79AFBEAE700BF91
:10086000BC100108C2100108C610010825EA0008E2
:10087000D105010838B5064C00230546084623601B
:1008800000F070F8431C02D1236803B12B6038BD1F
:100890005C5B002082B001B901A942B14BB1137871
:1008A0000B601278101C18BF012002B07047104670
:1008B000FBE76FF00100F8E7884210B501EB020397
:1008C00007D8421E99420AD011F8014B02F8014F95
:1008D000F8E78342F5D98118D21AD34200D110BD6E
:1008E00013F8014D01F8014DF7E770477047F8B56F
:1008F000074614460E4621B91146BDE8F840FFF7F9
:100900000DBE22B9FFF7BCFD25462846F8BD00F014
:1009100021F8A0420FD221463846FFF7FFFD0546D9
:100920000028F2D031462246FDF7D4FF3146384642
:10093000FFF7A6FDE9E73546E7E749B1FF2A85BF9E
:100940008A2303600A704FF0FF3098BF0120704780
:100950000846704751F8043C181F002BBCBF0B58C9
:10096000C0187047044A05491368002B08BF0B469E
:100970001844106018467047D8440020605B00207F
:10098000F8B500BFF8BC08BC9E467047F8B500BF7C
:08099000F8BC08BC9E4670474C
:100998000006101600061016240D01082579000817
:1009A8000000000000000000800000001C0D01088D
:1009B800E5730008000000000000000000010000CE
:1009C800140D010821740008020000000000000056
:1009D80000020000080D0108E9720008020000008A
:1009E8000000000000020000FC0C01087D750008F2
:1009F800020000000000000000020000F00C0108E6
:100A0800B9750008020000000000000000030000A3
:100A1800E40C01082978000802000000000000002A
:100A280000020000000000000000000001020304B2
:100A38000607080900000000010203040102010082
:100A4800011201000103010001040100640001001A
:100A58000100000001000000C008000000C2010001
:100A680007000100000000007B14AE47E17A843FD4
:100A7800000000000000244000000000000000000A
:100A88009A9999999999A93F49444C4500000000C1
:100A980041646973417820416469734179204164F4
:100AA8006973417A20416469735778204164697396
:100AB80057792041646973577A20477941782047EC
:100AC800794179204779417A2047795778204779C1
:100AD8005779204779577A20536E73564E20536EB4
:100AE80073565520536E73564520677073334446CA
:100AF8006978206770734C61746974206770734CEF
:100B08006F6E6720677073486967686D6D206F75D1
:100B180074507369206F75745468657461206F75BB
:100B28007447616D6D61206770734E6577446174B9
:100B380061206770734669782074696D65207469EF
:100B48006D6545786563200D0A0000002531302E5B
:100B58003566202531302E3566202531302E356614
:100B6800202531302E3566202531302E356620255A
:100B780031302E3566202531302E3566202531302E
:100B88002E3566202531302E3566202531302E351C
:100B980066202531302E3566202531302E356620E9
:100BA8002532302E313566202532302E31356620FB
:100BB8002532302E31356620253375202532302EEA
:100BC800313566202532302E313566202532302EDB
:100BD800313566202531302E3566202531302E35C9
:100BE80066202531302E356620256C752025752028
:100BF80025382E33662025386C75200D0A00000034
:100C0800434F4E4649473A203078253032580D0A2E
:100C180000000000454E5F41413A203078253032CF
:100C2800580D0A00454E5F5258414444523A20300C
:100C380078253032580D0A005354415455533A2000
:100C48003078253032580D0A0000000052465F53B4
:100C5800455455503A203078253032580D0A000056
:100C680054585F414444523A203078253032582C49
:100C7800203078253032582C203078253032580DE5
:100C88000A00000052585F414444523A2030782507
:100C98003032582C203078253032582C20307825A6
:100CA8003032580D0A00000067795F383920696EC4
:100CB80069742025687520206164697320696E69EC
:100CC8007420256875200D0A000000006572726F97
:100CD8007220256C75200D0A000000006E386973BB
:100CE8005F746872656164006E61765F74687265CE
:100CF80061645F005049445F7468726561645F00B5
:100D08005542585F7468726561645F006779383965
:100D18005F0000004E524632345F00006465666131
:100D2800756C745461736B00484152442066617558
:100D38006C7420200D0A00004FBB610567ACDD3FD5
:100D4800182D4454FB21E93F9BF681D20B73EF3FEA
:100D5800182D4454FB21F93FE2652F227F2B7A3C62
:100D6800075C143326A6813CBDCBF07A8807703C1B
:100D7800075C143326A6913C706F77007371727408
:100D880000000000FB21F93FFB2109407CD91240FB
:100D9800FB2119407A6A1F407CD92240BBFD2540BF
:100DA800FB2129403A462C407A6A2F405C47314063
:100DB8007CD932409C6B3440BBFD3540DB8F3740DB
:100DC800FB2139401BB43A403A463C405AD83D4092
:100DD8007A6A3F404C7E40405C4741406C1042403C
:100DE8007CD942408CA243409C6B4440AC34454083
:100DF800BBFD4540CBC64640DB8F4740EB584840DB
:100E0800FB21494083F9A200444E6E00FC291500DD
:100E1800D1572700DD34F50062DBC0003C9995000E
:100E2800419043006351FE00BBDEAB00B761C500D3
:100E38003A6E2400D24D42004906E00009EA2E002D
:100E48001C92D100EB1DFE0029B11C00E83EA70052
:100E5800F535820044BB2E009CE98400B42670005E
:100E6800417E5F00D6913900538339009CF43900E4
:100E78008B5F840028F9BD00F81F3B00DEFF970058
:100E88000F980500112FEF000A5A8B006D1F6D0097
:100E9800CF7E360009CB2700464FB7009E663F003D
:100EA8002DEA5F00BA277500E5EBC7003D7BF1002E
:100EB800F739070092528A00FB6BEA001FB15F0006
:100EC800085D8D00300356007BFC4600F0AB6B00DC
:100ED80020BCCF0036F49A00E3A91D005E619100A2
:100EE800081BE60085996500A0145F008D40680026
:100EF80080D8FF0027734D0006063100CA5615003A
:100F0800C9A873007BE260006B8CC0000000000081
:100F180000000040FB21F93F000000002D44743E12
:100F2800000000809846F83C0000006051CC783BF7
:100F380000000080831BF0390000004020257A382B
:100F4800000000802282E336000000001DF36935AE
:100F5800020000000300000004000000060000007A
:100F6800000000000000304300000000000030C313
:100F7800494E4600696E66004E414E006E616E0035
:100F88003000303132333435363738394142434412
:100F9800454600303132333435363738396162638B
:100FA80064656600496E66696E697479004E614EC3
:100FB80000000000000000000080E03779C34143D2
:100FC800176E05B5B5B89346F5F93FE9034F384DA7
:100FD800321D30F94877825A3CBF737FDD4F157553
:100FE800000000000000F03F000000000000244066
:100FF80000000000000059400000000000408F4041
:10100800000000000088C34000000000006AF840AB
:101018000000000080842E4100000000D0126341CF
:101028000000000084D797410000000065CDCD4145
:10103800000000205FA00242000000E87648374226
:10104800000000A2941A6D42000040E59C30A242C4
:101058000000901EC4BCD64200003426F56B0C4339
:101068000080E03779C3414300A0D88557347643E0
:1010780000C84E676DC1AB43003D9160E458E14341
:10108800408CB5781DAF154450EFE2D6E41A4B44B6
:1010980092D54D06CFF08044F64AE1C7022DB544FB
:1010A800B49DD9794378EA4405000000190000008E
:1010B8007D000000232D302B2000686C4C006566F5
:1010C80067454647004300504F534958002E0000DB
:1010D80020202020202020202028282828282020E0
:1010E80020202020202020202020202020202020F8
:1010F8008810101010101010101010101010101070
:10110800040404040404040404041010101010104F
:101118001041414141414101010101010101010128
:10112800010101010101010101010110101010105C
:1011380010424242424242020202020202020202F9
:101148000202020202020202020202101010102021
:101158000000000000000000000000000000000087
:101168000000000000000000000000000000000077
:101178000000000000000000000000000000000067
:101188000000000000000000000000000000000057
:101198000000000000000000000000000000000047
:1011A8000000000000000000000000000000000037
:1011B8000000000000000000000000000000000027
:1011C8000000000000000000000000000000000017
:0811D80030FAFE7F0100000067
:0411E000F50100080D
:0411E400D10100082D
:1011E8000000007E0008000E00120016001A001E03
:1011F800002200260028002A002C0030002E0010B3
:1012080000140018001C0020002400000100000049
:101218001000000000002110422063308440A550D7
:10122800C660E770088129914AA16BB18CC1ADD124
:10123800CEE1EFF13112100273325222B5529442CC
:10124800F772D662399318837BB35AA3BDD39CC374
:10125800FFF3DEE36224433420040114E664C77418
:10126800A44485546AA54BB528850995EEE5CFF5C4
:10127800ACC58DD55336722611163006D776F6666C
:101288009556B4465BB77AA719973887DFF7FEE714
:101298009DD7BCC7C448E5588668A7784008611838
:1012A80002282338CCC9EDD98EE9AFF94889699964
:1012B8000AA92BB9F55AD44AB77A966A711A500A0C
:1012C800333A122AFDDBDCCBBFFB9EEB799B588BB4
:1012D8003BBB1AABA66C877CE44CC55C222C033C58
:1012E800600C411CAEED8FFDECCDCDDD2AAD0BBD04
:1012F800688D499D977EB66ED55EF44E133E322EAC
:10130800511E700E9FFFBEEFDDDFFCCF1BBF3AAF53
:10131800599F788F8891A981CAB1EBA10CD12DC1B1
:101328004EF16FE18010A100C230E3200450254047
:1013380046706760B9839893FBA3DAB33DC31CD3A7
:101348007FE35EF3B1029012F322D2323542145297
:1013580077625672EAB5CBA5A89589856EF54FE5F3
:101368002CD50DC5E234C324A014810466744764E7
:1013780024540544DBA7FAB79987B8975FE77EF747
:101388001DC73CD7D326F2369106B0165766767637
:10139800154634564CD96DC90EF92FE9C899E98913
:1013A8008AB9ABA94458654806782768C018E10887
:1013B8008238A3287DCB5CDB3FEB1EFBF98BD89BE7
:1013C800BBAB9ABB754A545A376A167AF10AD01AD7
:1013D800B32A923A2EFD0FED6CDD4DCDAABD8BAD33
:1013E800E89DC98D267C076C645C454CA23C832C27
:1013F800E01CC10C1FEF3EFF5DCF7CDF9BAFBABF87
:10140800D98FF89F176E367E554E745E932EB23E76
:10141800D10EF01EAAAAAAAAB6B401002732440027
:101428000024F400010000004C020020000000002D
:1014380000000000000000000000000000000000A4
:101448000000000000000000000000000000000094
:101458000000000000000000000000000000000084
:101468000000000000000000000000000000000074
:101478000000000000000000000000000000000064
:101488000000000000000000000000004300000011
:101498000000000000000000000000000000000044
:1014A80000000000000000000000000043000000F1
:1014B8000000000000000000000000000000000024
:1014C80000000000000000000000000043000000D1
:1014D8000000000000000000000000000000000004
:1014E80000000000000000000000000043000000B1
:1014F80000000000000000000000000000000000E4
:101508000000000000000000000000004300000090
:1015180000000000000000000000000000000000C3
:101528000000000000000000000000004300000070
:1015380000000000000000000000000000000000A3
:101548000000000000000000000000004300000050
:101558000000000000000000000000000000000083
:101568000000000000000000000000003B09010826
:101578009508010800000000D7100108D5100108DF
:10158800C1100108C1100108C1100108C1100108EB
:10159800C1100108C1100108C1100108C1100108DB
:1015A800C1100108FFFFFFFFFFFFFFFFFFFFFFFF65
:1015B800FFFF0000010041534349490000000000BB
:1015C8000000000000000000000000000000000013
:1015D800000000000000415343494900000000009A
:1015E80000000000000000000000000000000000F3
:0815F8000000000000000000EB
:040000050800BD2909
:00000001FF
